source,variable,annee,saison,valeur,jours
era5land,tas,1970,DJF,3.592,59.000
era5land,tas,1970,JJA,17.560,92.000
era5land,tas,1970,MAM,7.509,92.000
era5land,tas,1970,SON,11.956,91.000
era5land,tas,1971,DJF,2.489,90.000
era5land,tas,1971,JJA,17.391,92.000
era5land,tas,1971,MAM,8.738,92.000
era5land,tas,1971,SON,10.726,91.000
era5land,tas,1972,DJF,3.830,91.000
era5land,tas,1972,JJA,15.981,92.000
era5land,tas,1972,MAM,8.782,92.000
era5land,tas,1972,SON,10.218,91.000
era5land,tas,1973,DJF,2.804,90.000
era5land,tas,1973,JJA,17.970,92.000
era5land,tas,1973,MAM,8.226,92.000
era5land,tas,1973,SON,10.914,91.000
era5land,tas,1974,DJF,4.343,90.000
era5land,tas,1974,JJA,17.008,92.000
era5land,tas,1974,MAM,9.132,92.000
era5land,tas,1974,SON,9.127,91.000
era5land,tas,1975,DJF,5.478,90.000
era5land,tas,1975,JJA,17.731,92.000
era5land,tas,1975,MAM,7.962,92.000
era5land,tas,1975,SON,10.507,91.000
era5land,tas,1976,DJF,3.049,91.000
era5land,tas,1976,JJA,19.326,92.000
era5land,tas,1976,MAM,8.999,92.000
era5land,tas,1976,SON,10.400,91.000
era5land,tas,1977,DJF,3.848,90.000
era5land,tas,1977,JJA,15.811,92.000
era5land,tas,1977,MAM,8.933,92.000
era5land,tas,1977,SON,11.038,91.000
era5land,tas,1978,DJF,3.498,90.000
era5land,tas,1978,JJA,16.011,92.000
era5land,tas,1978,MAM,8.382,92.000
era5land,tas,1978,SON,10.988,91.000
era5land,tas,1979,DJF,2.810,90.000
era5land,tas,1979,JJA,16.916,92.000
era5land,tas,1979,MAM,8.361,92.000
era5land,tas,1979,SON,11.162,91.000
era5land,tas,1980,DJF,4.078,91.000
era5land,tas,1980,JJA,16.173,92.000
era5land,tas,1980,MAM,8.152,92.000
era5land,tas,1980,SON,10.531,91.000
era5land,tas,1981,DJF,2.064,90.000
era5land,tas,1981,JJA,16.853,92.000
era5land,tas,1981,MAM,10.059,92.000
era5land,tas,1981,SON,11.089,91.000
era5land,tas,1982,DJF,4.290,90.000
era5land,tas,1982,JJA,18.152,92.000
era5land,tas,1982,MAM,9.032,92.000
era5land,tas,1982,SON,11.952,91.000
era5land,tas,1983,DJF,3.523,90.000
era5land,tas,1983,JJA,19.104,92.000
era5land,tas,1983,MAM,8.601,92.000
era5land,tas,1983,SON,11.545,91.000
era5land,tas,1984,DJF,3.277,91.000
era5land,tas,1984,JJA,17.315,92.000
era5land,tas,1984,MAM,7.744,92.000
era5land,tas,1984,SON,11.485,91.000
era5land,tas,1985,DJF,1.822,90.000
era5land,tas,1985,JJA,17.104,92.000
era5land,tas,1985,MAM,8.490,92.000
era5land,tas,1985,SON,11.174,91.000
era5land,tas,1986,DJF,2.417,90.000
era5land,tas,1986,JJA,17.511,92.000
era5land,tas,1986,MAM,8.336,92.000
era5land,tas,1986,SON,11.845,91.000
era5land,tas,1987,DJF,1.880,90.000
era5land,tas,1987,JJA,17.111,92.000
era5land,tas,1987,MAM,8.550,92.000
era5land,tas,1987,SON,12.279,91.000
era5land,tas,1988,DJF,5.087,91.000
era5land,tas,1988,JJA,17.268,92.000
era5land,tas,1988,MAM,9.747,92.000
era5land,tas,1988,SON,11.368,91.000
era5land,tas,1989,DJF,4.684,90.000
era5land,tas,1989,JJA,18.673,92.000
era5land,tas,1989,MAM,10.622,92.000
era5land,tas,1989,SON,11.865,91.000
era5land,tas,1990,DJF,5.989,90.000
era5land,tas,1990,JJA,18.542,92.000
era5land,tas,1990,MAM,10.583,92.000
era5land,tas,1990,SON,11.775,91.000
era5land,tas,1991,DJF,2.263,90.000
era5land,tas,1991,JJA,18.179,92.000
era5land,tas,1991,MAM,9.288,92.000
era5land,tas,1991,SON,11.345,91.000
era5land,tas,1992,DJF,2.915,91.000
era5land,tas,1992,JJA,18.020,92.000
era5land,tas,1992,MAM,10.268,92.000
era5land,tas,1992,SON,10.964,91.000
era5land,tas,1993,DJF,4.330,90.000
era5land,tas,1993,JJA,17.614,92.000
era5land,tas,1993,MAM,10.020,92.000
era5land,tas,1993,SON,9.468,91.000
era5land,tas,1994,DJF,4.804,90.000
era5land,tas,1994,JJA,19.280,92.000
era5land,tas,1994,MAM,10.074,92.000
era5land,tas,1994,SON,12.024,91.000
era5land,tas,1995,DJF,5.419,90.000
era5land,tas,1995,JJA,18.733,92.000
era5land,tas,1995,MAM,9.343,92.000
era5land,tas,1995,SON,11.661,91.000
era5land,tas,1996,DJF,3.649,91.000
era5land,tas,1996,JJA,17.713,92.000
era5land,tas,1996,MAM,8.893,92.000
era5land,tas,1996,SON,10.318,91.000
era5land,tas,1997,DJF,3.573,90.000
era5land,tas,1997,JJA,18.241,92.000
era5land,tas,1997,MAM,10.727,92.000
era5land,tas,1997,SON,12.165,91.000
era5land,tas,1998,DJF,4.742,90.000
era5land,tas,1998,JJA,17.979,92.000
era5land,tas,1998,MAM,9.972,92.000
era5land,tas,1998,SON,10.209,91.000
era5land,tas,1999,DJF,3.938,90.000
era5land,tas,1999,JJA,18.179,92.000
era5land,tas,1999,MAM,10.516,92.000
era5land,tas,1999,SON,11.454,91.000
era5land,tas,2000,DJF,4.198,91.000
era5land,tas,2000,JJA,17.799,92.000
era5land,tas,2000,MAM,10.127,92.000
era5land,tas,2000,SON,11.682,91.000
era5land,tas,2001,DJF,5.244,90.000
era5land,tas,2001,JJA,18.276,92.000
era5land,tas,2001,MAM,10.229,92.000
era5land,tas,2001,SON,11.188,91.000
era5land,tas,2002,DJF,4.031,90.000
era5land,tas,2002,JJA,17.842,92.000
era5land,tas,2002,MAM,10.128,92.000
era5land,tas,2002,SON,11.762,91.000
era5land,tas,2003,DJF,3.508,90.000
era5land,tas,2003,JJA,21.503,92.000
era5land,tas,2003,MAM,10.978,92.000
era5land,tas,2003,SON,11.458,91.000
era5land,tas,2004,DJF,3.989,91.000
era5land,tas,2004,JJA,18.493,92.000
era5land,tas,2004,MAM,9.055,92.000
era5land,tas,2004,SON,12.031,91.000
era5land,tas,2005,DJF,2.837,90.000
era5land,tas,2005,JJA,18.842,92.000
era5land,tas,2005,MAM,9.985,92.000
era5land,tas,2005,SON,12.322,91.000
era5land,tas,2006,DJF,2.169,90.000
era5land,tas,2006,JJA,19.303,92.000
era5land,tas,2006,MAM,9.659,92.000
era5land,tas,2006,SON,13.876,91.000
era5land,tas,2007,DJF,5.583,90.000
era5land,tas,2007,JJA,17.289,92.000
era5land,tas,2007,MAM,11.334,92.000
era5land,tas,2007,SON,10.482,91.000
era5land,tas,2008,DJF,4.737,91.000
era5land,tas,2008,JJA,17.664,92.000
era5land,tas,2008,MAM,9.745,92.000
era5land,tas,2008,SON,10.628,91.000
era5land,tas,2009,DJF,2.333,90.000
era5land,tas,2009,JJA,18.853,92.000
era5land,tas,2009,MAM,10.402,92.000
era5land,tas,2009,SON,12.488,91.000
era5land,tas,2010,DJF,2.275,90.000
era5land,tas,2010,JJA,18.522,92.000
era5land,tas,2010,MAM,9.148,92.000
era5land,tas,2010,SON,10.763,91.000
era5land,tas,2011,DJF,3.033,90.000
era5land,tas,2011,JJA,17.662,92.000
era5land,tas,2011,MAM,11.893,92.000
era5land,tas,2011,SON,13.301,91.000
era5land,tas,2012,DJF,3.508,91.000
era5land,tas,2012,JJA,18.444,92.000
era5land,tas,2012,MAM,10.418,92.000
era5land,tas,2012,SON,11.877,91.000
era5land,tas,2013,DJF,3.293,90.000
era5land,tas,2013,JJA,18.658,92.000
era5land,tas,2013,MAM,8.221,92.000
era5land,tas,2013,SON,12.026,91.000
era5land,tas,2014,DJF,5.291,90.000
era5land,tas,2014,JJA,17.887,92.000
era5land,tas,2014,MAM,10.476,92.000
era5land,tas,2014,SON,13.566,91.000
era5land,tas,2015,DJF,3.641,90.000
era5land,tas,2015,JJA,19.910,92.000
era5land,tas,2015,MAM,10.498,92.000
era5land,tas,2015,SON,11.787,91.000
era5land,tas,2016,DJF,6.151,91.000
era5land,tas,2016,JJA,18.804,92.000
era5land,tas,2016,MAM,9.300,92.000
era5land,tas,2016,SON,12.309,91.000
era5land,tas,2017,DJF,3.914,90.000
era5land,tas,2017,JJA,19.857,92.000
era5land,tas,2017,MAM,11.303,92.000
era5land,tas,2017,SON,11.603,91.000
era5land,tas,2018,DJF,4.143,90.000
era5land,tas,2018,JJA,20.353,92.000
era5land,tas,2018,MAM,10.851,92.000
era5land,tas,2018,SON,13.031,91.000
era5land,tas,2019,DJF,4.934,90.000
era5land,tas,2019,JJA,20.369,92.000
era5land,tas,2019,MAM,10.019,92.000
era5land,tas,2019,SON,12.599,91.000
era5land,tas,2020,DJF,6.404,91.000
era5land,tas,2020,JJA,19.461,92.000
era5land,tas,2020,MAM,11.756,92.000
era5land,tas,2020,SON,12.634,91.000
era5land,tas,2021,DJF,4.870,90.000
era5land,tas,2021,JJA,18.480,92.000
era5land,tas,2021,MAM,9.130,92.000
era5land,tas,2021,SON,11.869,91.000
era5land,tas,2022,DJF,4.918,90.000
era5land,tas,2022,JJA,21.212,92.000
era5land,tas,2022,MAM,11.424,92.000
era5land,tas,2022,SON,13.818,91.000
era5land,tas,2023,DJF,4.868,90.000
era5land,tas,2023,JJA,20.073,92.000
era5land,tas,2023,MAM,10.677,92.000
era5land,tas,2023,SON,14.304,91.000
era5land,tas,2024,DJF,6.113,91.000
era5land,tas,2024,JJA,19.232,92.000
era5land,tas,2024,MAM,10.864,92.000
era5land,tas,2024,SON,12.583,91.000
era5land,tas,2025,DJF,4.791,90.000
era5land,tas,2025,JJA,20.653,92.000
era5land,tas,2025,MAM,11.277,92.000
era5land,tas,2025,SON,12.034,91.000
era5land,tas,2026,DJF,6.013,31.000
era5land,tas,1970,AN,10.040,365.000
era5land,tas,1971,AN,10.052,365.000
era5land,tas,1972,AN,9.731,366.000
era5land,tas,1973,AN,9.902,365.000
era5land,tas,1974,AN,10.198,365.000
era5land,tas,1975,AN,10.118,365.000
era5land,tas,1976,AN,10.522,366.000
era5land,tas,1977,AN,10.116,365.000
era5land,tas,1978,AN,9.756,365.000
era5land,tas,1979,AN,9.851,365.000
era5land,tas,1980,AN,9.491,366.000
era5land,tas,1981,AN,10.200,365.000
era5land,tas,1982,AN,10.935,365.000
era5land,tas,1983,AN,10.701,365.000
era5land,tas,1984,AN,9.980,366.000
era5land,tas,1985,AN,9.758,365.000
era5land,tas,1986,AN,10.033,365.000
era5land,tas,1987,AN,10.047,365.000
era5land,tas,1988,AN,10.887,366.000
era5land,tas,1989,AN,11.535,365.000
era5land,tas,1990,AN,11.450,365.000
era5land,tas,1991,AN,10.381,365.000
era5land,tas,1992,AN,10.711,366.000
era5land,tas,1993,AN,10.469,365.000
era5land,tas,1994,AN,11.625,365.000
era5land,tas,1995,AN,11.123,365.000
era5land,tas,1996,AN,10.109,366.000
era5land,tas,1997,AN,11.358,365.000
era5land,tas,1998,AN,10.687,365.000
era5land,tas,1999,AN,11.082,365.000
era5land,tas,2000,AN,11.169,366.000
era5land,tas,2001,AN,10.865,365.000
era5land,tas,2002,AN,11.342,365.000
era5land,tas,2003,AN,11.753,365.000
era5land,tas,2004,AN,10.839,366.000
era5land,tas,2005,AN,10.906,365.000
era5land,tas,2006,AN,11.516,365.000
era5land,tas,2007,AN,11.105,365.000
era5land,tas,2008,AN,10.644,366.000
era5land,tas,2009,AN,11.150,365.000
era5land,tas,2010,AN,9.992,365.000
era5land,tas,2011,AN,11.935,365.000
era5land,tas,2012,AN,10.994,366.000
era5land,tas,2013,AN,10.551,365.000
era5land,tas,2014,AN,11.836,365.000
era5land,tas,2015,AN,11.797,365.000
era5land,tas,2016,AN,11.349,366.000
era5land,tas,2017,AN,11.685,365.000
era5land,tas,2018,AN,12.319,365.000
era5land,tas,2019,AN,12.031,365.000
era5land,tas,2020,AN,12.486,366.000
era5land,tas,2021,AN,11.122,365.000
era5land,tas,2022,AN,12.884,365.000
era5land,tas,2023,AN,12.603,365.000
era5land,tas,2024,AN,12.091,366.000
era5land,tas,2025,AN,12.326,365.000
era5land,tasmax,1970,DJF,6.379,59.000
era5land,tasmax,1970,JJA,21.767,92.000
era5land,tasmax,1970,MAM,11.382,92.000
era5land,tasmax,1970,SON,15.942,91.000
era5land,tasmax,1971,DJF,5.652,90.000
era5land,tasmax,1971,JJA,21.576,92.000
era5land,tasmax,1971,MAM,12.837,92.000
era5land,tasmax,1971,SON,14.684,91.000
era5land,tasmax,1972,DJF,6.844,91.000
era5land,tasmax,1972,JJA,19.967,92.000
era5land,tasmax,1972,MAM,12.570,92.000
era5land,tasmax,1972,SON,13.934,91.000
era5land,tasmax,1973,DJF,6.054,90.000
era5land,tasmax,1973,JJA,22.201,92.000
era5land,tasmax,1973,MAM,12.523,92.000
era5land,tasmax,1973,SON,14.896,91.000
era5land,tasmax,1974,DJF,7.243,90.000
era5land,tasmax,1974,JJA,21.402,92.000
era5land,tasmax,1974,MAM,13.132,92.000
era5land,tasmax,1974,SON,12.217,91.000
era5land,tasmax,1975,DJF,8.799,90.000
era5land,tasmax,1975,JJA,22.139,92.000
era5land,tasmax,1975,MAM,11.832,92.000
era5land,tasmax,1975,SON,14.168,91.000
era5land,tasmax,1976,DJF,6.166,91.000
era5land,tasmax,1976,JJA,24.202,92.000
era5land,tasmax,1976,MAM,13.522,92.000
era5land,tasmax,1976,SON,13.774,91.000
era5land,tasmax,1977,DJF,6.725,90.000
era5land,tasmax,1977,JJA,19.687,92.000
era5land,tasmax,1977,MAM,12.975,92.000
era5land,tasmax,1977,SON,14.820,91.000
era5land,tasmax,1978,DJF,6.479,90.000
era5land,tasmax,1978,JJA,20.196,92.000
era5land,tasmax,1978,MAM,12.184,92.000
era5land,tasmax,1978,SON,15.337,91.000
era5land,tasmax,1979,DJF,5.831,90.000
era5land,tasmax,1979,JJA,21.072,92.000
era5land,tasmax,1979,MAM,12.233,92.000
era5land,tasmax,1979,SON,14.922,91.000
era5land,tasmax,1980,DJF,7.213,91.000
era5land,tasmax,1980,JJA,20.153,92.000
era5land,tasmax,1980,MAM,11.994,92.000
era5land,tasmax,1980,SON,14.329,91.000
era5land,tasmax,1981,DJF,5.360,90.000
era5land,tasmax,1981,JJA,20.987,92.000
era5land,tasmax,1981,MAM,13.989,92.000
era5land,tasmax,1981,SON,14.659,91.000
era5land,tasmax,1982,DJF,7.395,90.000
era5land,tasmax,1982,JJA,22.409,92.000
era5land,tasmax,1982,MAM,13.413,92.000
era5land,tasmax,1982,SON,15.624,91.000
era5land,tasmax,1983,DJF,6.753,90.000
era5land,tasmax,1983,JJA,23.625,92.000
era5land,tasmax,1983,MAM,12.569,92.000
era5land,tasmax,1983,SON,15.552,91.000
era5land,tasmax,1984,DJF,6.321,91.000
era5land,tasmax,1984,JJA,21.877,92.000
era5land,tasmax,1984,MAM,12.022,92.000
era5land,tasmax,1984,SON,15.092,91.000
era5land,tasmax,1985,DJF,5.351,90.000
era5land,tasmax,1985,JJA,21.518,92.000
era5land,tasmax,1985,MAM,12.520,92.000
era5land,tasmax,1985,SON,15.587,91.000
era5land,tasmax,1986,DJF,5.440,90.000
era5land,tasmax,1986,JJA,21.951,92.000
era5land,tasmax,1986,MAM,12.372,92.000
era5land,tasmax,1986,SON,15.804,91.000
era5land,tasmax,1987,DJF,5.163,90.000
era5land,tasmax,1987,JJA,21.250,92.000
era5land,tasmax,1987,MAM,12.645,92.000
era5land,tasmax,1987,SON,15.975,91.000
era5land,tasmax,1988,DJF,8.241,91.000
era5land,tasmax,1988,JJA,21.551,92.000
era5land,tasmax,1988,MAM,13.615,92.000
era5land,tasmax,1988,SON,15.266,91.000
era5land,tasmax,1989,DJF,8.238,90.000
era5land,tasmax,1989,JJA,23.327,92.000
era5land,tasmax,1989,MAM,15.031,92.000
era5land,tasmax,1989,SON,16.061,91.000
era5land,tasmax,1990,DJF,9.643,90.000
era5land,tasmax,1990,JJA,23.085,92.000
era5land,tasmax,1990,MAM,15.134,92.000
era5land,tasmax,1990,SON,15.481,91.000
era5land,tasmax,1991,DJF,5.740,90.000
era5land,tasmax,1991,JJA,22.689,92.000
era5land,tasmax,1991,MAM,13.435,92.000
era5land,tasmax,1991,SON,15.066,91.000
era5land,tasmax,1992,DJF,6.759,91.000
era5land,tasmax,1992,JJA,22.245,92.000
era5land,tasmax,1992,MAM,14.552,92.000
era5land,tasmax,1992,SON,14.328,91.000
era5land,tasmax,1993,DJF,7.896,90.000
era5land,tasmax,1993,JJA,22.134,92.000
era5land,tasmax,1993,MAM,14.410,92.000
era5land,tasmax,1993,SON,13.025,91.000
era5land,tasmax,1994,DJF,7.764,90.000
era5land,tasmax,1994,JJA,23.913,92.000
era5land,tasmax,1994,MAM,14.104,92.000
era5land,tasmax,1994,SON,15.508,91.000
era5land,tasmax,1995,DJF,8.369,90.000
era5land,tasmax,1995,JJA,23.237,92.000
era5land,tasmax,1995,MAM,13.646,92.000
era5land,tasmax,1995,SON,15.470,91.000
era5land,tasmax,1996,DJF,6.732,91.000
era5land,tasmax,1996,JJA,22.169,92.000
era5land,tasmax,1996,MAM,13.156,92.000
era5land,tasmax,1996,SON,13.906,91.000
era5land,tasmax,1997,DJF,7.005,90.000
era5land,tasmax,1997,JJA,22.504,92.000
era5land,tasmax,1997,MAM,15.524,92.000
era5land,tasmax,1997,SON,16.398,91.000
era5land,tasmax,1998,DJF,8.413,90.000
era5land,tasmax,1998,JJA,22.531,92.000
era5land,tasmax,1998,MAM,14.091,92.000
era5land,tasmax,1998,SON,13.575,91.000
era5land,tasmax,1999,DJF,6.991,90.000
era5land,tasmax,1999,JJA,22.538,92.000
era5land,tasmax,1999,MAM,14.627,92.000
era5land,tasmax,1999,SON,15.196,91.000
era5land,tasmax,2000,DJF,7.325,91.000
era5land,tasmax,2000,JJA,22.288,92.000
era5land,tasmax,2000,MAM,14.355,92.000
era5land,tasmax,2000,SON,15.161,91.000
era5land,tasmax,2001,DJF,8.272,90.000
era5land,tasmax,2001,JJA,22.836,92.000
era5land,tasmax,2001,MAM,14.063,92.000
era5land,tasmax,2001,SON,14.887,91.000
era5land,tasmax,2002,DJF,7.320,90.000
era5land,tasmax,2002,JJA,22.105,92.000
era5land,tasmax,2002,MAM,14.460,92.000
era5land,tasmax,2002,SON,15.409,91.000
era5land,tasmax,2003,DJF,6.611,90.000
era5land,tasmax,2003,JJA,26.537,92.000
era5land,tasmax,2003,MAM,15.680,92.000
era5land,tasmax,2003,SON,15.395,91.000
era5land,tasmax,2004,DJF,7.210,91.000
era5land,tasmax,2004,JJA,22.976,92.000
era5land,tasmax,2004,MAM,13.284,92.000
era5land,tasmax,2004,SON,15.749,91.000
era5land,tasmax,2005,DJF,6.008,90.000
era5land,tasmax,2005,JJA,23.508,92.000
era5land,tasmax,2005,MAM,14.403,92.000
era5land,tasmax,2005,SON,16.219,91.000
era5land,tasmax,2006,DJF,5.374,90.000
era5land,tasmax,2006,JJA,23.917,92.000
era5land,tasmax,2006,MAM,13.807,92.000
era5land,tasmax,2006,SON,17.725,91.000
era5land,tasmax,2007,DJF,8.801,90.000
era5land,tasmax,2007,JJA,21.384,92.000
era5land,tasmax,2007,MAM,15.821,92.000
era5land,tasmax,2007,SON,14.283,91.000
era5land,tasmax,2008,DJF,8.412,91.000
era5land,tasmax,2008,JJA,21.949,92.000
era5land,tasmax,2008,MAM,13.715,92.000
era5land,tasmax,2008,SON,14.234,91.000
era5land,tasmax,2009,DJF,5.590,90.000
era5land,tasmax,2009,JJA,23.528,92.000
era5land,tasmax,2009,MAM,14.712,92.000
era5land,tasmax,2009,SON,16.329,91.000
era5land,tasmax,2010,DJF,5.220,90.000
era5land,tasmax,2010,JJA,22.915,92.000
era5land,tasmax,2010,MAM,13.454,92.000
era5land,tasmax,2010,SON,14.442,91.000
era5land,tasmax,2011,DJF,6.212,90.000
era5land,tasmax,2011,JJA,22.041,92.000
era5land,tasmax,2011,MAM,16.768,92.000
era5land,tasmax,2011,SON,17.594,91.000
era5land,tasmax,2012,DJF,6.557,91.000
era5land,tasmax,2012,JJA,22.967,92.000
era5land,tasmax,2012,MAM,14.929,92.000
era5land,tasmax,2012,SON,15.645,91.000
era5land,tasmax,2013,DJF,6.215,90.000
era5land,tasmax,2013,JJA,23.233,92.000
era5land,tasmax,2013,MAM,12.150,92.000
era5land,tasmax,2013,SON,15.442,91.000
era5land,tasmax,2014,DJF,8.504,90.000
era5land,tasmax,2014,JJA,22.120,92.000
era5land,tasmax,2014,MAM,15.000,92.000
era5land,tasmax,2014,SON,17.580,91.000
era5land,tasmax,2015,DJF,6.645,90.000
era5land,tasmax,2015,JJA,24.749,92.000
era5land,tasmax,2015,MAM,14.819,92.000
era5land,tasmax,2015,SON,15.522,91.000
era5land,tasmax,2016,DJF,9.277,91.000
era5land,tasmax,2016,JJA,23.241,92.000
era5land,tasmax,2016,MAM,13.354,92.000
era5land,tasmax,2016,SON,16.239,91.000
era5land,tasmax,2017,DJF,7.619,90.000
era5land,tasmax,2017,JJA,24.428,92.000
era5land,tasmax,2017,MAM,15.863,92.000
era5land,tasmax,2017,SON,15.491,91.000
era5land,tasmax,2018,DJF,6.969,90.000
era5land,tasmax,2018,JJA,24.882,92.000
era5land,tasmax,2018,MAM,15.113,92.000
era5land,tasmax,2018,SON,17.361,91.000
era5land,tasmax,2019,DJF,8.339,90.000
era5land,tasmax,2019,JJA,25.326,92.000
era5land,tasmax,2019,MAM,14.258,92.000
era5land,tasmax,2019,SON,16.194,91.000
era5land,tasmax,2020,DJF,9.579,91.000
era5land,tasmax,2020,JJA,24.030,92.000
era5land,tasmax,2020,MAM,16.277,92.000
era5land,tasmax,2020,SON,16.540,91.000
era5land,tasmax,2021,DJF,7.772,90.000
era5land,tasmax,2021,JJA,22.694,92.000
era5land,tasmax,2021,MAM,13.562,92.000
era5land,tasmax,2021,SON,15.792,91.000
era5land,tasmax,2022,DJF,8.350,90.000
era5land,tasmax,2022,JJA,26.255,92.000
era5land,tasmax,2022,MAM,15.993,92.000
era5land,tasmax,2022,SON,17.677,91.000
era5land,tasmax,2023,DJF,8.008,90.000
era5land,tasmax,2023,JJA,24.579,92.000
era5land,tasmax,2023,MAM,14.774,92.000
era5land,tasmax,2023,SON,18.349,91.000
era5land,tasmax,2024,DJF,9.167,91.000
era5land,tasmax,2024,JJA,23.609,92.000
era5land,tasmax,2024,MAM,14.876,92.000
era5land,tasmax,2024,SON,16.171,91.000
era5land,tasmax,2025,DJF,8.277,90.000
era5land,tasmax,2025,JJA,25.418,92.000
era5land,tasmax,2025,MAM,15.769,92.000
era5land,tasmax,2025,SON,15.675,91.000
era5land,tasmax,2026,DJF,9.049,31.000
era5land,tasmax,1970,AN,13.751,365.000
era5land,tasmax,1971,AN,13.935,365.000
era5land,tasmax,1972,AN,13.390,366.000
era5land,tasmax,1973,AN,13.789,365.000
era5land,tasmax,1974,AN,13.786,365.000
era5land,tasmax,1975,AN,13.953,365.000
era5land,tasmax,1976,AN,14.503,366.000
era5land,tasmax,1977,AN,13.789,365.000
era5land,tasmax,1978,AN,13.558,365.000
era5land,tasmax,1979,AN,13.577,365.000
era5land,tasmax,1980,AN,13.182,366.000
era5land,tasmax,1981,AN,13.900,365.000
era5land,tasmax,1982,AN,14.799,365.000
era5land,tasmax,1983,AN,14.678,365.000
era5land,tasmax,1984,AN,13.849,366.000
era5land,tasmax,1985,AN,13.850,365.000
era5land,tasmax,1986,AN,13.914,365.000
era5land,tasmax,1987,AN,13.856,365.000
era5land,tasmax,1988,AN,14.633,366.000
era5land,tasmax,1989,AN,15.824,365.000
era5land,tasmax,1990,AN,15.511,365.000
era5land,tasmax,1991,AN,14.401,365.000
era5land,tasmax,1992,AN,14.596,366.000
era5land,tasmax,1993,AN,14.453,365.000
era5land,tasmax,1994,AN,15.418,365.000
era5land,tasmax,1995,AN,15.026,365.000
era5land,tasmax,1996,AN,13.964,366.000
era5land,tasmax,1997,AN,15.531,365.000
era5land,tasmax,1998,AN,14.644,365.000
era5land,tasmax,1999,AN,14.880,365.000
era5land,tasmax,2000,AN,15.012,366.000
era5land,tasmax,2001,AN,14.672,365.000
era5land,tasmax,2002,AN,15.176,365.000
era5land,tasmax,2003,AN,15.999,365.000
era5land,tasmax,2004,AN,14.761,366.000
era5land,tasmax,2005,AN,14.937,365.000
era5land,tasmax,2006,AN,15.506,365.000
era5land,tasmax,2007,AN,15.003,365.000
era5land,tasmax,2008,AN,14.485,366.000
era5land,tasmax,2009,AN,15.173,365.000
era5land,tasmax,2010,AN,13.840,365.000
era5land,tasmax,2011,AN,16.101,365.000
era5land,tasmax,2012,AN,14.966,366.000
era5land,tasmax,2013,AN,14.344,365.000
era5land,tasmax,2014,AN,15.742,365.000
era5land,tasmax,2015,AN,15.863,365.000
era5land,tasmax,2016,AN,15.285,366.000
era5land,tasmax,2017,AN,15.759,365.000
era5land,tasmax,2018,AN,16.307,365.000
era5land,tasmax,2019,AN,16.103,365.000
era5land,tasmax,2020,AN,16.491,366.000
era5land,tasmax,2021,AN,15.062,365.000
era5land,tasmax,2022,AN,17.076,365.000
era5land,tasmax,2023,AN,16.550,365.000
era5land,tasmax,2024,AN,15.887,366.000
era5land,tasmax,2025,AN,16.422,365.000
era5land,tasmin,1970,DJF,0.770,59.000
era5land,tasmin,1970,JJA,13.223,92.000
era5land,tasmin,1970,MAM,3.460,92.000
era5land,tasmin,1970,SON,8.295,91.000
era5land,tasmin,1971,DJF,-0.384,90.000
era5land,tasmin,1971,JJA,13.098,92.000
era5land,tasmin,1971,MAM,4.614,92.000
era5land,tasmin,1971,SON,7.050,91.000
era5land,tasmin,1972,DJF,1.142,91.000
era5land,tasmin,1972,JJA,11.862,92.000
era5land,tasmin,1972,MAM,4.964,92.000
era5land,tasmin,1972,SON,6.773,91.000
era5land,tasmin,1973,DJF,0.033,90.000
era5land,tasmin,1973,JJA,13.641,92.000
era5land,tasmin,1973,MAM,3.825,92.000
era5land,tasmin,1973,SON,7.237,91.000
era5land,tasmin,1974,DJF,1.554,90.000
era5land,tasmin,1974,JJA,12.393,92.000
era5land,tasmin,1974,MAM,5.085,92.000
era5land,tasmin,1974,SON,6.150,91.000
era5land,tasmin,1975,DJF,2.488,90.000
era5land,tasmin,1975,JJA,13.097,92.000
era5land,tasmin,1975,MAM,4.052,92.000
era5land,tasmin,1975,SON,7.080,91.000
era5land,tasmin,1976,DJF,0.239,91.000
era5land,tasmin,1976,JJA,14.072,92.000
era5land,tasmin,1976,MAM,4.354,92.000
era5land,tasmin,1976,SON,7.208,91.000
era5land,tasmin,1977,DJF,1.232,90.000
era5land,tasmin,1977,JJA,11.810,92.000
era5land,tasmin,1977,MAM,4.864,92.000
era5land,tasmin,1977,SON,7.443,91.000
era5land,tasmin,1978,DJF,0.723,90.000
era5land,tasmin,1978,JJA,11.621,92.000
era5land,tasmin,1978,MAM,4.501,92.000
era5land,tasmin,1978,SON,7.065,91.000
era5land,tasmin,1979,DJF,-0.036,90.000
era5land,tasmin,1979,JJA,12.533,92.000
era5land,tasmin,1979,MAM,4.397,92.000
era5land,tasmin,1979,SON,7.695,91.000
era5land,tasmin,1980,DJF,1.305,91.000
era5land,tasmin,1980,JJA,12.089,92.000
era5land,tasmin,1980,MAM,4.256,92.000
era5land,tasmin,1980,SON,6.959,91.000
era5land,tasmin,1981,DJF,-0.964,90.000
era5land,tasmin,1981,JJA,12.507,92.000
era5land,tasmin,1981,MAM,6.187,92.000
era5land,tasmin,1981,SON,7.765,91.000
era5land,tasmin,1982,DJF,1.464,90.000
era5land,tasmin,1982,JJA,13.874,92.000
era5land,tasmin,1982,MAM,4.512,92.000
era5land,tasmin,1982,SON,8.528,91.000
era5land,tasmin,1983,DJF,0.642,90.000
era5land,tasmin,1983,JJA,14.416,92.000
era5land,tasmin,1983,MAM,4.708,92.000
era5land,tasmin,1983,SON,7.947,91.000
era5land,tasmin,1984,DJF,0.452,91.000
era5land,tasmin,1984,JJA,12.475,92.000
era5land,tasmin,1984,MAM,3.430,92.000
era5land,tasmin,1984,SON,8.183,91.000
era5land,tasmin,1985,DJF,-1.452,90.000
era5land,tasmin,1985,JJA,12.465,92.000
era5land,tasmin,1985,MAM,4.456,92.000
era5land,tasmin,1985,SON,7.125,91.000
era5land,tasmin,1986,DJF,-0.421,90.000
era5land,tasmin,1986,JJA,12.773,92.000
era5land,tasmin,1986,MAM,4.249,92.000
era5land,tasmin,1986,SON,8.179,91.000
era5land,tasmin,1987,DJF,-1.083,90.000
era5land,tasmin,1987,JJA,12.877,92.000
era5land,tasmin,1987,MAM,4.313,92.000
era5land,tasmin,1987,SON,8.915,91.000
era5land,tasmin,1988,DJF,2.252,91.000
era5land,tasmin,1988,JJA,12.728,92.000
era5land,tasmin,1988,MAM,5.922,92.000
era5land,tasmin,1988,SON,7.907,91.000
era5land,tasmin,1989,DJF,1.696,90.000
era5land,tasmin,1989,JJA,13.733,92.000
era5land,tasmin,1989,MAM,6.080,92.000
era5land,tasmin,1989,SON,8.163,91.000
era5land,tasmin,1990,DJF,2.866,90.000
era5land,tasmin,1990,JJA,13.691,92.000
era5land,tasmin,1990,MAM,5.927,92.000
era5land,tasmin,1990,SON,8.323,91.000
era5land,tasmin,1991,DJF,-0.832,90.000
era5land,tasmin,1991,JJA,13.492,92.000
era5land,tasmin,1991,MAM,5.059,92.000
era5land,tasmin,1991,SON,7.860,91.000
era5land,tasmin,1992,DJF,-0.151,91.000
era5land,tasmin,1992,JJA,13.623,92.000
era5land,tasmin,1992,MAM,5.895,92.000
era5land,tasmin,1992,SON,7.749,91.000
era5land,tasmin,1993,DJF,1.315,90.000
era5land,tasmin,1993,JJA,12.885,92.000
era5land,tasmin,1993,MAM,5.674,92.000
era5land,tasmin,1993,SON,6.388,91.000
era5land,tasmin,1994,DJF,1.926,90.000
era5land,tasmin,1994,JJA,14.455,92.000
era5land,tasmin,1994,MAM,5.959,92.000
era5land,tasmin,1994,SON,8.859,91.000
era5land,tasmin,1995,DJF,2.559,90.000
era5land,tasmin,1995,JJA,13.990,92.000
era5land,tasmin,1995,MAM,4.891,92.000
era5land,tasmin,1995,SON,8.193,91.000
era5land,tasmin,1996,DJF,0.919,91.000
era5land,tasmin,1996,JJA,12.984,92.000
era5land,tasmin,1996,MAM,4.589,92.000
era5land,tasmin,1996,SON,6.853,91.000
era5land,tasmin,1997,DJF,0.594,90.000
era5land,tasmin,1997,JJA,13.873,92.000
era5land,tasmin,1997,MAM,5.854,92.000
era5land,tasmin,1997,SON,8.269,91.000
era5land,tasmin,1998,DJF,1.628,90.000
era5land,tasmin,1998,JJA,13.181,92.000
era5land,tasmin,1998,MAM,5.790,92.000
era5land,tasmin,1998,SON,7.069,91.000
era5land,tasmin,1999,DJF,1.121,90.000
era5land,tasmin,1999,JJA,13.643,92.000
era5land,tasmin,1999,MAM,6.410,92.000
era5land,tasmin,1999,SON,7.980,91.000
era5land,tasmin,2000,DJF,1.247,91.000
era5land,tasmin,2000,JJA,13.138,92.000
era5land,tasmin,2000,MAM,5.870,92.000
era5land,tasmin,2000,SON,8.383,91.000
era5land,tasmin,2001,DJF,2.474,90.000
era5land,tasmin,2001,JJA,13.476,92.000
era5land,tasmin,2001,MAM,6.345,92.000
era5land,tasmin,2001,SON,7.748,91.000
era5land,tasmin,2002,DJF,1.125,90.000
era5land,tasmin,2002,JJA,13.453,92.000
era5land,tasmin,2002,MAM,5.743,92.000
era5land,tasmin,2002,SON,8.353,91.000
era5land,tasmin,2003,DJF,0.702,90.000
era5land,tasmin,2003,JJA,16.217,92.000
era5land,tasmin,2003,MAM,6.164,92.000
era5land,tasmin,2003,SON,7.768,91.000
era5land,tasmin,2004,DJF,1.044,91.000
era5land,tasmin,2004,JJA,13.884,92.000
era5land,tasmin,2004,MAM,4.738,92.000
era5land,tasmin,2004,SON,8.587,91.000
era5land,tasmin,2005,DJF,0.041,90.000
era5land,tasmin,2005,JJA,13.967,92.000
era5land,tasmin,2005,MAM,5.482,92.000
era5land,tasmin,2005,SON,8.791,91.000
era5land,tasmin,2006,DJF,-0.548,90.000
era5land,tasmin,2006,JJA,14.527,92.000
era5land,tasmin,2006,MAM,5.478,92.000
era5land,tasmin,2006,SON,10.362,91.000
era5land,tasmin,2007,DJF,2.744,90.000
era5land,tasmin,2007,JJA,13.120,92.000
era5land,tasmin,2007,MAM,6.849,92.000
era5land,tasmin,2007,SON,6.919,91.000
era5land,tasmin,2008,DJF,1.579,91.000
era5land,tasmin,2008,JJA,13.161,92.000
era5land,tasmin,2008,MAM,5.698,92.000
era5land,tasmin,2008,SON,7.228,91.000
era5land,tasmin,2009,DJF,-0.521,90.000
era5land,tasmin,2009,JJA,13.940,92.000
era5land,tasmin,2009,MAM,5.988,92.000
era5land,tasmin,2009,SON,8.907,91.000
era5land,tasmin,2010,DJF,-0.583,90.000
era5land,tasmin,2010,JJA,13.863,92.000
era5land,tasmin,2010,MAM,4.795,92.000
era5land,tasmin,2010,SON,7.281,91.000
era5land,tasmin,2011,DJF,0.129,90.000
era5land,tasmin,2011,JJA,13.103,92.000
era5land,tasmin,2011,MAM,6.900,92.000
era5land,tasmin,2011,SON,9.483,91.000
era5land,tasmin,2012,DJF,0.640,91.000
era5land,tasmin,2012,JJA,13.793,92.000
era5land,tasmin,2012,MAM,5.904,92.000
era5land,tasmin,2012,SON,8.323,91.000
era5land,tasmin,2013,DJF,0.501,90.000
era5land,tasmin,2013,JJA,13.823,92.000
era5land,tasmin,2013,MAM,4.281,92.000
era5land,tasmin,2013,SON,8.779,91.000
era5land,tasmin,2014,DJF,2.426,90.000
era5land,tasmin,2014,JJA,13.507,92.000
era5land,tasmin,2014,MAM,5.964,92.000
era5land,tasmin,2014,SON,9.944,91.000
era5land,tasmin,2015,DJF,0.783,90.000
era5land,tasmin,2015,JJA,14.872,92.000
era5land,tasmin,2015,MAM,5.992,92.000
era5land,tasmin,2015,SON,8.342,91.000
era5land,tasmin,2016,DJF,3.336,91.000
era5land,tasmin,2016,JJA,14.162,92.000
era5land,tasmin,2016,MAM,5.167,92.000
era5land,tasmin,2016,SON,8.648,91.000
era5land,tasmin,2017,DJF,0.871,90.000
era5land,tasmin,2017,JJA,15.156,92.000
era5land,tasmin,2017,MAM,6.587,92.000
era5land,tasmin,2017,SON,7.969,91.000
era5land,tasmin,2018,DJF,1.409,90.000
era5land,tasmin,2018,JJA,15.480,92.000
era5land,tasmin,2018,MAM,6.577,92.000
era5land,tasmin,2018,SON,9.069,91.000
era5land,tasmin,2019,DJF,1.817,90.000
era5land,tasmin,2019,JJA,15.154,92.000
era5land,tasmin,2019,MAM,5.636,92.000
era5land,tasmin,2019,SON,9.280,91.000
era5land,tasmin,2020,DJF,3.476,91.000
era5land,tasmin,2020,JJA,14.682,92.000
era5land,tasmin,2020,MAM,7.100,92.000
era5land,tasmin,2020,SON,9.075,91.000
era5land,tasmin,2021,DJF,2.116,90.000
era5land,tasmin,2021,JJA,14.138,92.000
era5land,tasmin,2021,MAM,4.596,92.000
era5land,tasmin,2021,SON,8.260,91.000
era5land,tasmin,2022,DJF,1.897,90.000
era5land,tasmin,2022,JJA,15.888,92.000
era5land,tasmin,2022,MAM,6.759,92.000
era5land,tasmin,2022,SON,10.328,91.000
era5land,tasmin,2023,DJF,2.058,90.000
era5land,tasmin,2023,JJA,15.408,92.000
era5land,tasmin,2023,MAM,6.554,92.000
era5land,tasmin,2023,SON,10.527,91.000
era5land,tasmin,2024,DJF,3.330,91.000
era5land,tasmin,2024,JJA,14.624,92.000
era5land,tasmin,2024,MAM,6.867,92.000
era5land,tasmin,2024,SON,9.321,91.000
era5land,tasmin,2025,DJF,1.714,90.000
era5land,tasmin,2025,JJA,15.662,92.000
era5land,tasmin,2025,MAM,6.733,92.000
era5land,tasmin,2025,SON,8.646,91.000
era5land,tasmin,2026,DJF,3.325,31.000
era5land,tasmin,1970,AN,6.352,365.000
era5land,tasmin,1971,AN,6.300,365.000
era5land,tasmin,1972,AN,6.182,366.000
era5land,tasmin,1973,AN,6.108,365.000
era5land,tasmin,1974,AN,6.603,365.000
era5land,tasmin,1975,AN,6.386,365.000
era5land,tasmin,1976,AN,6.529,366.000
era5land,tasmin,1977,AN,6.516,365.000
era5land,tasmin,1978,AN,6.021,365.000
era5land,tasmin,1979,AN,6.174,365.000
era5land,tasmin,1980,AN,5.898,366.000
era5land,tasmin,1981,AN,6.576,365.000
era5land,tasmin,1982,AN,7.171,365.000
era5land,tasmin,1983,AN,6.909,365.000
era5land,tasmin,1984,AN,6.150,366.000
era5land,tasmin,1985,AN,5.772,365.000
era5land,tasmin,1986,AN,6.185,365.000
era5land,tasmin,1987,AN,6.351,365.000
era5land,tasmin,1988,AN,7.248,366.000
era5land,tasmin,1989,AN,7.438,365.000
era5land,tasmin,1990,AN,7.443,365.000
era5land,tasmin,1991,AN,6.501,365.000
era5land,tasmin,1992,AN,6.959,366.000
era5land,tasmin,1993,AN,6.657,365.000
era5land,tasmin,1994,AN,7.887,365.000
era5land,tasmin,1995,AN,7.225,365.000
era5land,tasmin,1996,AN,6.303,366.000
era5land,tasmin,1997,AN,7.323,365.000
era5land,tasmin,1998,AN,6.863,365.000
era5land,tasmin,1999,AN,7.337,365.000
era5land,tasmin,2000,AN,7.390,366.000
era5land,tasmin,2001,AN,7.117,365.000
era5land,tasmin,2002,AN,7.607,365.000
era5land,tasmin,2003,AN,7.557,365.000
era5land,tasmin,2004,AN,7.017,366.000
era5land,tasmin,2005,AN,6.973,365.000
era5land,tasmin,2006,AN,7.700,365.000
era5land,tasmin,2007,AN,7.353,365.000
era5land,tasmin,2008,AN,6.872,366.000
era5land,tasmin,2009,AN,7.177,365.000
era5land,tasmin,2010,AN,6.147,365.000
era5land,tasmin,2011,AN,7.876,365.000
era5land,tasmin,2012,AN,7.089,366.000
era5land,tasmin,2013,AN,6.811,365.000
era5land,tasmin,2014,AN,8.031,365.000
era5land,tasmin,2015,AN,7.787,365.000
era5land,tasmin,2016,AN,7.523,366.000
era5land,tasmin,2017,AN,7.681,365.000
era5land,tasmin,2018,AN,8.367,365.000
era5land,tasmin,2019,AN,8.003,365.000
era5land,tasmin,2020,AN,8.523,366.000
era5land,tasmin,2021,AN,7.281,365.000
era5land,tasmin,2022,AN,8.770,365.000
era5land,tasmin,2023,AN,8.756,365.000
era5land,tasmin,2024,AN,8.405,366.000
era5land,tasmin,2025,AN,8.321,365.000
cordex010,tas,1970,DJF,1.540,59.000
cordex010,tas,1970,JJA,17.608,92.000
cordex010,tas,1970,MAM,9.263,92.000
cordex010,tas,1970,SON,9.701,91.000
cordex010,tas,1971,DJF,3.215,90.000
cordex010,tas,1971,JJA,17.330,92.000
cordex010,tas,1971,MAM,10.168,92.000
cordex010,tas,1971,SON,9.891,91.000
cordex010,tas,1972,DJF,5.248,91.000
cordex010,tas,1972,JJA,16.046,92.000
cordex010,tas,1972,MAM,9.249,92.000
cordex010,tas,1972,SON,10.433,91.000
cordex010,tas,1973,DJF,2.165,90.000
cordex010,tas,1973,JJA,18.681,92.000
cordex010,tas,1973,MAM,9.665,92.000
cordex010,tas,1973,SON,10.848,91.000
cordex010,tas,1974,DJF,4.143,90.000
cordex010,tas,1974,JJA,16.303,92.000
cordex010,tas,1974,MAM,9.973,92.000
cordex010,tas,1974,SON,11.225,91.000
cordex010,tas,1975,DJF,4.208,90.000
cordex010,tas,1975,JJA,17.811,92.000
cordex010,tas,1975,MAM,8.943,92.000
cordex010,tas,1975,SON,10.941,91.000
cordex010,tas,1976,DJF,2.449,91.000
cordex010,tas,1976,JJA,16.877,92.000
cordex010,tas,1976,MAM,8.625,92.000
cordex010,tas,1976,SON,11.164,91.000
cordex010,tas,1977,DJF,4.083,90.000
cordex010,tas,1977,JJA,17.640,92.000
cordex010,tas,1977,MAM,9.248,92.000
cordex010,tas,1977,SON,10.566,91.000
cordex010,tas,1978,DJF,2.756,90.000
cordex010,tas,1978,JJA,19.270,92.000
cordex010,tas,1978,MAM,9.886,92.000
cordex010,tas,1978,SON,11.993,91.000
cordex010,tas,1979,DJF,3.439,90.000
cordex010,tas,1979,JJA,17.693,92.000
cordex010,tas,1979,MAM,7.764,92.000
cordex010,tas,1979,SON,10.583,91.000
cordex010,tas,1980,DJF,4.828,91.000
cordex010,tas,1980,JJA,17.663,92.000
cordex010,tas,1980,MAM,9.700,92.000
cordex010,tas,1980,SON,10.779,91.000
cordex010,tas,1981,DJF,5.825,90.000
cordex010,tas,1981,JJA,16.360,92.000
cordex010,tas,1981,MAM,8.529,92.000
cordex010,tas,1981,SON,11.410,91.000
cordex010,tas,1982,DJF,4.331,90.000
cordex010,tas,1982,JJA,17.311,92.000
cordex010,tas,1982,MAM,9.172,92.000
cordex010,tas,1982,SON,10.941,91.000
cordex010,tas,1983,DJF,4.151,90.000
cordex010,tas,1983,JJA,18.703,92.000
cordex010,tas,1983,MAM,9.144,92.000
cordex010,tas,1983,SON,11.008,91.000
cordex010,tas,1984,DJF,2.501,91.000
cordex010,tas,1984,JJA,17.313,92.000
cordex010,tas,1984,MAM,8.673,92.000
cordex010,tas,1984,SON,11.029,91.000
cordex010,tas,1985,DJF,3.902,90.000
cordex010,tas,1985,JJA,17.702,92.000
cordex010,tas,1985,MAM,10.430,92.000
cordex010,tas,1985,SON,12.082,91.000
cordex010,tas,1986,DJF,2.790,90.000
cordex010,tas,1986,JJA,17.862,92.000
cordex010,tas,1986,MAM,8.774,92.000
cordex010,tas,1986,SON,11.645,91.000
cordex010,tas,1987,DJF,2.255,90.000
cordex010,tas,1987,JJA,19.668,92.000
cordex010,tas,1987,MAM,8.558,92.000
cordex010,tas,1987,SON,11.265,91.000
cordex010,tas,1988,DJF,4.089,91.000
cordex010,tas,1988,JJA,18.966,92.000
cordex010,tas,1988,MAM,7.666,92.000
cordex010,tas,1988,SON,11.066,91.000
cordex010,tas,1989,DJF,2.241,90.000
cordex010,tas,1989,JJA,18.402,92.000
cordex010,tas,1989,MAM,9.360,92.000
cordex010,tas,1989,SON,10.966,91.000
cordex010,tas,1990,DJF,4.738,90.000
cordex010,tas,1990,JJA,16.161,92.000
cordex010,tas,1990,MAM,8.445,92.000
cordex010,tas,1990,SON,10.562,91.000
cordex010,tas,1991,DJF,1.968,90.000
cordex010,tas,1991,JJA,20.131,92.000
cordex010,tas,1991,MAM,8.549,92.000
cordex010,tas,1991,SON,12.295,91.000
cordex010,tas,1992,DJF,1.626,91.000
cordex010,tas,1992,JJA,18.708,92.000
cordex010,tas,1992,MAM,11.047,92.000
cordex010,tas,1992,SON,10.654,91.000
cordex010,tas,1993,DJF,4.552,90.000
cordex010,tas,1993,JJA,18.479,92.000
cordex010,tas,1993,MAM,10.523,92.000
cordex010,tas,1993,SON,11.819,91.000
cordex010,tas,1994,DJF,4.968,90.000
cordex010,tas,1994,JJA,18.325,92.000
cordex010,tas,1994,MAM,7.837,92.000
cordex010,tas,1994,SON,11.148,91.000
cordex010,tas,1995,DJF,4.933,90.000
cordex010,tas,1995,JJA,16.291,92.000
cordex010,tas,1995,MAM,9.087,92.000
cordex010,tas,1995,SON,10.813,91.000
cordex010,tas,1996,DJF,2.556,91.000
cordex010,tas,1996,JJA,18.542,92.000
cordex010,tas,1996,MAM,9.637,92.000
cordex010,tas,1996,SON,11.132,91.000
cordex010,tas,1997,DJF,2.380,90.000
cordex010,tas,1997,JJA,18.987,92.000
cordex010,tas,1997,MAM,8.137,92.000
cordex010,tas,1997,SON,11.563,91.000
cordex010,tas,1998,DJF,4.776,90.000
cordex010,tas,1998,JJA,18.955,92.000
cordex010,tas,1998,MAM,9.863,92.000
cordex010,tas,1998,SON,12.715,91.000
cordex010,tas,1999,DJF,3.969,90.000
cordex010,tas,1999,JJA,17.146,92.000
cordex010,tas,1999,MAM,10.585,92.000
cordex010,tas,1999,SON,11.040,91.000
cordex010,tas,2000,DJF,4.195,91.000
cordex010,tas,2000,JJA,16.533,92.000
cordex010,tas,2000,MAM,8.390,92.000
cordex010,tas,2000,SON,10.602,91.000
cordex010,tas,2001,DJF,5.045,90.000
cordex010,tas,2001,JJA,16.643,92.000
cordex010,tas,2001,MAM,9.972,92.000
cordex010,tas,2001,SON,12.087,91.000
cordex010,tas,2002,DJF,4.474,90.000
cordex010,tas,2002,JJA,17.663,92.000
cordex010,tas,2002,MAM,8.878,92.000
cordex010,tas,2002,SON,12.093,91.000
cordex010,tas,2003,DJF,4.664,90.000
cordex010,tas,2003,JJA,17.016,92.000
cordex010,tas,2003,MAM,9.641,92.000
cordex010,tas,2003,SON,12.133,91.000
cordex010,tas,2004,DJF,2.195,91.000
cordex010,tas,2004,JJA,19.424,92.000
cordex010,tas,2004,MAM,9.139,92.000
cordex010,tas,2004,SON,12.459,91.000
cordex010,tas,2005,DJF,4.658,90.000
cordex010,tas,2005,JJA,17.678,92.000
cordex010,tas,2005,MAM,11.904,92.000
cordex010,tas,2005,SON,11.337,91.000
cordex010,tas,2006,DJF,3.830,90.000
cordex010,tas,2006,JJA,17.105,92.000
cordex010,tas,2006,MAM,10.149,92.000
cordex010,tas,2006,SON,12.082,91.000
cordex010,tas,2007,DJF,4.271,90.000
cordex010,tas,2007,JJA,17.925,92.000
cordex010,tas,2007,MAM,10.754,92.000
cordex010,tas,2007,SON,13.056,91.000
cordex010,tas,2008,DJF,3.640,91.000
cordex010,tas,2008,JJA,18.336,92.000
cordex010,tas,2008,MAM,9.609,92.000
cordex010,tas,2008,SON,13.004,91.000
cordex010,tas,2009,DJF,4.704,90.000
cordex010,tas,2009,JJA,18.656,92.000
cordex010,tas,2009,MAM,9.209,92.000
cordex010,tas,2009,SON,11.818,91.000
cordex010,tas,2010,DJF,3.829,90.000
cordex010,tas,2010,JJA,18.284,92.000
cordex010,tas,2010,MAM,9.211,92.000
cordex010,tas,2010,SON,10.541,91.000
cordex010,tas,2011,DJF,5.295,90.000
cordex010,tas,2011,JJA,19.254,92.000
cordex010,tas,2011,MAM,9.090,92.000
cordex010,tas,2011,SON,11.354,91.000
cordex010,tas,2012,DJF,2.936,91.000
cordex010,tas,2012,JJA,18.633,92.000
cordex010,tas,2012,MAM,9.725,92.000
cordex010,tas,2012,SON,11.463,91.000
cordex010,tas,2013,DJF,4.513,90.000
cordex010,tas,2013,JJA,17.072,92.000
cordex010,tas,2013,MAM,10.667,92.000
cordex010,tas,2013,SON,11.617,91.000
cordex010,tas,2014,DJF,5.654,90.000
cordex010,tas,2014,JJA,19.490,92.000
cordex010,tas,2014,MAM,9.418,92.000
cordex010,tas,2014,SON,12.556,91.000
cordex010,tas,2015,DJF,3.826,90.000
cordex010,tas,2015,JJA,21.005,92.000
cordex010,tas,2015,MAM,10.757,92.000
cordex010,tas,2015,SON,11.843,91.000
cordex010,tas,2016,DJF,3.932,91.000
cordex010,tas,2016,JJA,19.738,92.000
cordex010,tas,2016,MAM,10.579,92.000
cordex010,tas,2016,SON,11.825,91.000
cordex010,tas,2017,DJF,4.549,90.000
cordex010,tas,2017,JJA,17.774,92.000
cordex010,tas,2017,MAM,9.135,92.000
cordex010,tas,2017,SON,12.398,91.000
cordex010,tas,2018,DJF,4.928,90.000
cordex010,tas,2018,JJA,20.932,92.000
cordex010,tas,2018,MAM,8.387,92.000
cordex010,tas,2018,SON,12.058,91.000
cordex010,tas,2019,DJF,3.923,90.000
cordex010,tas,2019,JJA,18.341,92.000
cordex010,tas,2019,MAM,9.846,92.000
cordex010,tas,2019,SON,12.975,91.000
cordex010,tas,2020,DJF,5.939,91.000
cordex010,tas,2020,JJA,17.930,92.000
cordex010,tas,2020,MAM,9.680,92.000
cordex010,tas,2020,SON,11.170,91.000
cordex010,tas,2021,DJF,5.298,90.000
cordex010,tas,2021,JJA,19.337,92.000
cordex010,tas,2021,MAM,9.335,92.000
cordex010,tas,2021,SON,11.911,91.000
cordex010,tas,2022,DJF,5.062,90.000
cordex010,tas,2022,JJA,19.891,92.000
cordex010,tas,2022,MAM,9.399,92.000
cordex010,tas,2022,SON,12.084,91.000
cordex010,tas,2023,DJF,6.694,90.000
cordex010,tas,2023,JJA,18.787,92.000
cordex010,tas,2023,MAM,11.601,92.000
cordex010,tas,2023,SON,12.376,91.000
cordex010,tas,2024,DJF,4.323,91.000
cordex010,tas,2024,JJA,18.556,92.000
cordex010,tas,2024,MAM,10.867,92.000
cordex010,tas,2024,SON,11.193,91.000
cordex010,tas,2025,DJF,4.873,90.000
cordex010,tas,2025,JJA,21.231,92.000
cordex010,tas,2025,MAM,10.736,92.000
cordex010,tas,2025,SON,12.909,91.000
cordex010,tas,2026,DJF,4.054,90.000
cordex010,tas,2026,JJA,19.383,92.000
cordex010,tas,2026,MAM,10.904,92.000
cordex010,tas,2026,SON,12.572,91.000
cordex010,tas,2027,DJF,3.487,90.000
cordex010,tas,2027,JJA,18.274,92.000
cordex010,tas,2027,MAM,9.184,92.000
cordex010,tas,2027,SON,12.994,91.000
cordex010,tas,2028,DJF,4.321,91.000
cordex010,tas,2028,JJA,19.490,92.000
cordex010,tas,2028,MAM,10.865,92.000
cordex010,tas,2028,SON,12.908,91.000
cordex010,tas,2029,DJF,3.364,90.000
cordex010,tas,2029,JJA,19.064,92.000
cordex010,tas,2029,MAM,9.903,92.000
cordex010,tas,2029,SON,11.407,91.000
cordex010,tas,2030,DJF,4.681,90.000
cordex010,tas,2030,JJA,17.717,92.000
cordex010,tas,2030,MAM,10.346,92.000
cordex010,tas,2030,SON,12.684,91.000
cordex010,tas,2031,DJF,4.845,90.000
cordex010,tas,2031,JJA,19.225,92.000
cordex010,tas,2031,MAM,11.205,92.000
cordex010,tas,2031,SON,11.313,91.000
cordex010,tas,2032,DJF,5.240,91.000
cordex010,tas,2032,JJA,18.028,92.000
cordex010,tas,2032,MAM,10.986,92.000
cordex010,tas,2032,SON,11.452,91.000
cordex010,tas,2033,DJF,5.224,90.000
cordex010,tas,2033,JJA,18.897,92.000
cordex010,tas,2033,MAM,10.571,92.000
cordex010,tas,2033,SON,12.421,91.000
cordex010,tas,2034,DJF,5.653,90.000
cordex010,tas,2034,JJA,17.884,92.000
cordex010,tas,2034,MAM,10.100,92.000
cordex010,tas,2034,SON,11.700,91.000
cordex010,tas,2035,DJF,4.441,90.000
cordex010,tas,2035,JJA,18.757,92.000
cordex010,tas,2035,MAM,10.064,92.000
cordex010,tas,2035,SON,12.362,91.000
cordex010,tas,2036,DJF,5.389,91.000
cordex010,tas,2036,JJA,20.252,92.000
cordex010,tas,2036,MAM,9.916,92.000
cordex010,tas,2036,SON,11.382,91.000
cordex010,tas,2037,DJF,2.893,90.000
cordex010,tas,2037,JJA,18.353,92.000
cordex010,tas,2037,MAM,10.839,92.000
cordex010,tas,2037,SON,11.159,91.000
cordex010,tas,2038,DJF,4.610,90.000
cordex010,tas,2038,JJA,22.041,92.000
cordex010,tas,2038,MAM,11.884,92.000
cordex010,tas,2038,SON,13.119,91.000
cordex010,tas,2039,DJF,6.836,90.000
cordex010,tas,2039,JJA,20.258,92.000
cordex010,tas,2039,MAM,13.672,92.000
cordex010,tas,2039,SON,12.683,91.000
cordex010,tas,2040,DJF,4.177,91.000
cordex010,tas,2040,JJA,18.689,92.000
cordex010,tas,2040,MAM,8.766,92.000
cordex010,tas,2040,SON,11.860,91.000
cordex010,tas,2041,DJF,4.653,90.000
cordex010,tas,2041,JJA,19.231,92.000
cordex010,tas,2041,MAM,10.820,92.000
cordex010,tas,2041,SON,13.369,91.000
cordex010,tas,2042,DJF,5.166,90.000
cordex010,tas,2042,JJA,20.334,92.000
cordex010,tas,2042,MAM,10.512,92.000
cordex010,tas,2042,SON,13.188,91.000
cordex010,tas,2043,DJF,5.026,90.000
cordex010,tas,2043,JJA,18.852,92.000
cordex010,tas,2043,MAM,11.122,92.000
cordex010,tas,2043,SON,12.532,91.000
cordex010,tas,2044,DJF,3.008,91.000
cordex010,tas,2044,JJA,20.984,92.000
cordex010,tas,2044,MAM,8.618,92.000
cordex010,tas,2044,SON,11.846,91.000
cordex010,tas,2045,DJF,4.560,90.000
cordex010,tas,2045,JJA,19.007,92.000
cordex010,tas,2045,MAM,9.820,92.000
cordex010,tas,2045,SON,12.715,91.000
cordex010,tas,2046,DJF,2.133,90.000
cordex010,tas,2046,JJA,19.775,92.000
cordex010,tas,2046,MAM,10.508,92.000
cordex010,tas,2046,SON,13.117,91.000
cordex010,tas,2047,DJF,4.104,90.000
cordex010,tas,2047,JJA,20.946,92.000
cordex010,tas,2047,MAM,10.267,92.000
cordex010,tas,2047,SON,13.786,91.000
cordex010,tas,2048,DJF,4.555,91.000
cordex010,tas,2048,JJA,20.637,92.000
cordex010,tas,2048,MAM,11.577,92.000
cordex010,tas,2048,SON,13.893,91.000
cordex010,tas,2049,DJF,5.610,90.000
cordex010,tas,2049,JJA,19.663,92.000
cordex010,tas,2049,MAM,8.694,92.000
cordex010,tas,2049,SON,12.591,91.000
cordex010,tas,2050,DJF,5.936,90.000
cordex010,tas,2050,JJA,20.092,92.000
cordex010,tas,2050,MAM,10.773,92.000
cordex010,tas,2050,SON,12.940,91.000
cordex010,tas,2051,DJF,5.367,90.000
cordex010,tas,2051,JJA,21.391,92.000
cordex010,tas,2051,MAM,10.206,92.000
cordex010,tas,2051,SON,13.291,91.000
cordex010,tas,2052,DJF,4.942,91.000
cordex010,tas,2052,JJA,19.380,92.000
cordex010,tas,2052,MAM,10.026,92.000
cordex010,tas,2052,SON,12.929,91.000
cordex010,tas,2053,DJF,5.623,90.000
cordex010,tas,2053,JJA,21.893,92.000
cordex010,tas,2053,MAM,12.274,92.000
cordex010,tas,2053,SON,12.886,91.000
cordex010,tas,2054,DJF,5.978,90.000
cordex010,tas,2054,JJA,17.773,92.000
cordex010,tas,2054,MAM,10.162,92.000
cordex010,tas,2054,SON,11.645,91.000
cordex010,tas,2055,DJF,4.798,90.000
cordex010,tas,2055,JJA,21.544,92.000
cordex010,tas,2055,MAM,9.968,92.000
cordex010,tas,2055,SON,14.361,91.000
cordex010,tas,2056,DJF,4.954,91.000
cordex010,tas,2056,JJA,20.963,92.000
cordex010,tas,2056,MAM,9.666,92.000
cordex010,tas,2056,SON,13.431,91.000
cordex010,tas,2057,DJF,4.151,90.000
cordex010,tas,2057,JJA,19.362,92.000
cordex010,tas,2057,MAM,10.099,92.000
cordex010,tas,2057,SON,13.102,91.000
cordex010,tas,2058,DJF,4.950,90.000
cordex010,tas,2058,JJA,20.385,92.000
cordex010,tas,2058,MAM,10.087,92.000
cordex010,tas,2058,SON,13.376,91.000
cordex010,tas,2059,DJF,5.156,90.000
cordex010,tas,2059,JJA,20.100,92.000
cordex010,tas,2059,MAM,12.201,92.000
cordex010,tas,2059,SON,12.779,91.000
cordex010,tas,2060,DJF,6.772,91.000
cordex010,tas,2060,JJA,21.006,92.000
cordex010,tas,2060,MAM,11.953,92.000
cordex010,tas,2060,SON,13.708,91.000
cordex010,tas,2061,DJF,5.669,90.000
cordex010,tas,2061,JJA,19.597,92.000
cordex010,tas,2061,MAM,10.655,92.000
cordex010,tas,2061,SON,12.645,91.000
cordex010,tas,2062,DJF,4.957,90.000
cordex010,tas,2062,JJA,19.594,92.000
cordex010,tas,2062,MAM,10.229,92.000
cordex010,tas,2062,SON,12.940,91.000
cordex010,tas,2063,DJF,6.168,90.000
cordex010,tas,2063,JJA,20.440,92.000
cordex010,tas,2063,MAM,11.508,92.000
cordex010,tas,2063,SON,11.952,91.000
cordex010,tas,2064,DJF,3.342,91.000
cordex010,tas,2064,JJA,20.111,92.000
cordex010,tas,2064,MAM,11.344,92.000
cordex010,tas,2064,SON,13.108,91.000
cordex010,tas,2065,DJF,5.160,90.000
cordex010,tas,2065,JJA,21.692,92.000
cordex010,tas,2065,MAM,12.889,92.000
cordex010,tas,2065,SON,13.365,91.000
cordex010,tas,2066,DJF,6.609,90.000
cordex010,tas,2066,JJA,20.800,92.000
cordex010,tas,2066,MAM,11.017,92.000
cordex010,tas,2066,SON,15.110,91.000
cordex010,tas,2067,DJF,5.868,90.000
cordex010,tas,2067,JJA,19.682,92.000
cordex010,tas,2067,MAM,10.755,92.000
cordex010,tas,2067,SON,12.646,91.000
cordex010,tas,2068,DJF,6.290,91.000
cordex010,tas,2068,JJA,19.909,92.000
cordex010,tas,2068,MAM,11.228,92.000
cordex010,tas,2068,SON,13.310,91.000
cordex010,tas,2069,DJF,4.959,90.000
cordex010,tas,2069,JJA,22.358,92.000
cordex010,tas,2069,MAM,9.815,92.000
cordex010,tas,2069,SON,14.213,91.000
cordex010,tas,2070,DJF,5.350,90.000
cordex010,tas,2070,JJA,19.186,92.000
cordex010,tas,2070,MAM,11.393,92.000
cordex010,tas,2070,SON,12.876,91.000
cordex010,tas,2071,DJF,5.632,90.000
cordex010,tas,2071,JJA,21.221,92.000
cordex010,tas,2071,MAM,11.282,92.000
cordex010,tas,2071,SON,13.664,91.000
cordex010,tas,2072,DJF,3.716,91.000
cordex010,tas,2072,JJA,18.371,92.000
cordex010,tas,2072,MAM,10.778,92.000
cordex010,tas,2072,SON,12.184,91.000
cordex010,tas,2073,DJF,6.515,90.000
cordex010,tas,2073,JJA,20.766,92.000
cordex010,tas,2073,MAM,10.685,92.000
cordex010,tas,2073,SON,13.943,91.000
cordex010,tas,2074,DJF,6.089,90.000
cordex010,tas,2074,JJA,20.649,92.000
cordex010,tas,2074,MAM,11.888,92.000
cordex010,tas,2074,SON,11.411,91.000
cordex010,tas,2075,DJF,4.652,90.000
cordex010,tas,2075,JJA,21.635,92.000
cordex010,tas,2075,MAM,10.500,92.000
cordex010,tas,2075,SON,13.652,91.000
cordex010,tas,2076,DJF,3.537,91.000
cordex010,tas,2076,JJA,20.181,92.000
cordex010,tas,2076,MAM,11.367,92.000
cordex010,tas,2076,SON,12.708,91.000
cordex010,tas,2077,DJF,4.262,90.000
cordex010,tas,2077,JJA,19.741,92.000
cordex010,tas,2077,MAM,10.027,92.000
cordex010,tas,2077,SON,12.496,91.000
cordex010,tas,2078,DJF,3.981,90.000
cordex010,tas,2078,JJA,18.677,92.000
cordex010,tas,2078,MAM,10.463,92.000
cordex010,tas,2078,SON,13.996,91.000
cordex010,tas,2079,DJF,8.828,90.000
cordex010,tas,2079,JJA,20.487,92.000
cordex010,tas,2079,MAM,11.961,92.000
cordex010,tas,2079,SON,13.284,91.000
cordex010,tas,2080,DJF,7.229,91.000
cordex010,tas,2080,JJA,19.983,92.000
cordex010,tas,2080,MAM,11.327,92.000
cordex010,tas,2080,SON,14.485,91.000
cordex010,tas,2081,DJF,6.043,90.000
cordex010,tas,2081,JJA,18.903,92.000
cordex010,tas,2081,MAM,11.356,92.000
cordex010,tas,2081,SON,10.690,91.000
cordex010,tas,2082,DJF,5.508,90.000
cordex010,tas,2082,JJA,18.909,92.000
cordex010,tas,2082,MAM,10.149,92.000
cordex010,tas,2082,SON,13.305,91.000
cordex010,tas,2083,DJF,6.138,90.000
cordex010,tas,2083,JJA,23.952,92.000
cordex010,tas,2083,MAM,11.109,92.000
cordex010,tas,2083,SON,13.912,91.000
cordex010,tas,2084,DJF,5.502,91.000
cordex010,tas,2084,JJA,20.260,92.000
cordex010,tas,2084,MAM,11.004,92.000
cordex010,tas,2084,SON,15.629,91.000
cordex010,tas,2085,DJF,5.184,90.000
cordex010,tas,2085,JJA,22.763,92.000
cordex010,tas,2085,MAM,10.941,92.000
cordex010,tas,2085,SON,16.490,91.000
cordex010,tas,2086,DJF,6.475,90.000
cordex010,tas,2086,JJA,21.528,92.000
cordex010,tas,2086,MAM,11.023,92.000
cordex010,tas,2086,SON,14.066,91.000
cordex010,tas,2087,DJF,5.675,90.000
cordex010,tas,2087,JJA,21.138,92.000
cordex010,tas,2087,MAM,10.740,92.000
cordex010,tas,2087,SON,14.069,91.000
cordex010,tas,2088,DJF,7.526,91.000
cordex010,tas,2088,JJA,20.845,92.000
cordex010,tas,2088,MAM,10.358,92.000
cordex010,tas,2088,SON,14.005,91.000
cordex010,tas,2089,DJF,4.794,90.000
cordex010,tas,2089,JJA,22.148,92.000
cordex010,tas,2089,MAM,11.362,92.000
cordex010,tas,2089,SON,14.054,91.000
cordex010,tas,2090,DJF,5.974,90.000
cordex010,tas,2090,JJA,17.610,92.000
cordex010,tas,2090,MAM,10.604,92.000
cordex010,tas,2090,SON,13.009,91.000
cordex010,tas,2091,DJF,6.283,90.000
cordex010,tas,2091,JJA,19.815,92.000
cordex010,tas,2091,MAM,10.851,92.000
cordex010,tas,2091,SON,13.945,91.000
cordex010,tas,2092,DJF,6.164,91.000
cordex010,tas,2092,JJA,19.915,92.000
cordex010,tas,2092,MAM,12.296,92.000
cordex010,tas,2092,SON,15.011,91.000
cordex010,tas,2093,DJF,6.931,90.000
cordex010,tas,2093,JJA,21.212,92.000
cordex010,tas,2093,MAM,12.000,92.000
cordex010,tas,2093,SON,12.397,91.000
cordex010,tas,2094,DJF,4.844,90.000
cordex010,tas,2094,JJA,22.423,92.000
cordex010,tas,2094,MAM,11.536,92.000
cordex010,tas,2094,SON,14.091,91.000
cordex010,tas,2095,DJF,4.768,90.000
cordex010,tas,2095,JJA,20.948,92.000
cordex010,tas,2095,MAM,10.985,92.000
cordex010,tas,2095,SON,15.035,91.000
cordex010,tas,2096,DJF,3.234,91.000
cordex010,tas,2096,JJA,20.962,92.000
cordex010,tas,2096,MAM,10.039,92.000
cordex010,tas,2096,SON,13.134,91.000
cordex010,tas,2097,DJF,6.336,90.000
cordex010,tas,2097,JJA,19.381,92.000
cordex010,tas,2097,MAM,11.539,92.000
cordex010,tas,2097,SON,11.695,91.000
cordex010,tas,2098,DJF,5.269,90.000
cordex010,tas,2098,JJA,21.113,92.000
cordex010,tas,2098,MAM,10.071,92.000
cordex010,tas,2098,SON,12.965,91.000
cordex010,tas,2099,DJF,5.582,90.000
cordex010,tas,2099,JJA,21.139,92.000
cordex010,tas,2099,MAM,12.032,92.000
cordex010,tas,2099,SON,12.955,91.000
cordex010,tas,2100,DJF,7.557,90.000
cordex010,tas,2100,JJA,19.293,92.000
cordex010,tas,2100,MAM,10.827,92.000
cordex010,tas,2100,SON,13.807,91.000
cordex010,tas,2101,DJF,4.649,31.000
cordex010,tas,1970,AN,9.780,365.000
cordex010,tas,1971,AN,10.255,365.000
cordex010,tas,1972,AN,9.826,366.000
cordex010,tas,1973,AN,10.836,365.000
cordex010,tas,1974,AN,10.391,365.000
cordex010,tas,1975,AN,10.393,365.000
cordex010,tas,1976,AN,9.909,366.000
cordex010,tas,1977,AN,10.293,365.000
cordex010,tas,1978,AN,10.859,365.000
cordex010,tas,1979,AN,10.105,365.000
cordex010,tas,1980,AN,11.018,366.000
cordex010,tas,1981,AN,10.391,365.000
cordex010,tas,1982,AN,10.508,365.000
cordex010,tas,1983,AN,10.466,365.000
cordex010,tas,1984,AN,10.118,366.000
cordex010,tas,1985,AN,11.124,365.000
cordex010,tas,1986,AN,10.291,365.000
cordex010,tas,1987,AN,10.526,365.000
cordex010,tas,1988,AN,10.226,366.000
cordex010,tas,1989,AN,10.440,365.000
cordex010,tas,1990,AN,9.862,365.000
cordex010,tas,1991,AN,10.701,365.000
cordex010,tas,1992,AN,10.695,366.000
cordex010,tas,1993,AN,11.509,365.000
cordex010,tas,1994,AN,10.708,365.000
cordex010,tas,1995,AN,9.967,365.000
cordex010,tas,1996,AN,10.655,366.000
cordex010,tas,1997,AN,10.428,365.000
cordex010,tas,1998,AN,11.658,365.000
cordex010,tas,1999,AN,10.659,365.000
cordex010,tas,2000,AN,9.960,366.000
cordex010,tas,2001,AN,11.007,365.000
cordex010,tas,2002,AN,10.723,365.000
cordex010,tas,2003,AN,10.592,365.000
cordex010,tas,2004,AN,11.207,366.000
cordex010,tas,2005,AN,11.499,365.000
cordex010,tas,2006,AN,10.677,365.000
cordex010,tas,2007,AN,11.557,365.000
cordex010,tas,2008,AN,11.271,366.000
cordex010,tas,2009,AN,10.902,365.000
cordex010,tas,2010,AN,10.528,365.000
cordex010,tas,2011,AN,11.202,365.000
cordex010,tas,2012,AN,10.924,366.000
cordex010,tas,2013,AN,11.060,365.000
cordex010,tas,2014,AN,11.784,365.000
cordex010,tas,2015,AN,11.855,365.000
cordex010,tas,2016,AN,11.470,366.000
cordex010,tas,2017,AN,10.916,365.000
cordex010,tas,2018,AN,11.643,365.000
cordex010,tas,2019,AN,11.439,365.000
cordex010,tas,2020,AN,11.058,366.000
cordex010,tas,2021,AN,11.505,365.000
cordex010,tas,2022,AN,11.934,365.000
cordex010,tas,2023,AN,12.191,365.000
cordex010,tas,2024,AN,11.344,366.000
cordex010,tas,2025,AN,12.372,365.000
cordex010,tas,2026,AN,11.726,365.000
cordex010,tas,2027,AN,11.087,365.000
cordex010,tas,2028,AN,11.907,366.000
cordex010,tas,2029,AN,11.027,365.000
cordex010,tas,2030,AN,11.239,365.000
cordex010,tas,2031,AN,11.834,365.000
cordex010,tas,2032,AN,11.494,366.000
cordex010,tas,2033,AN,11.785,365.000
cordex010,tas,2034,AN,11.426,365.000
cordex010,tas,2035,AN,11.458,365.000
cordex010,tas,2036,AN,11.718,366.000
cordex010,tas,2037,AN,10.714,365.000
cordex010,tas,2038,AN,13.153,365.000
cordex010,tas,2039,AN,13.153,365.000
cordex010,tas,2040,AN,11.117,366.000
cordex010,tas,2041,AN,11.846,365.000
cordex010,tas,2042,AN,12.402,365.000
cordex010,tas,2043,AN,11.662,365.000
cordex010,tas,2044,AN,11.147,366.000
cordex010,tas,2045,AN,11.792,365.000
cordex010,tas,2046,AN,11.424,365.000
cordex010,tas,2047,AN,12.376,365.000
cordex010,tas,2048,AN,12.895,366.000
cordex010,tas,2049,AN,11.606,365.000
cordex010,tas,2050,AN,12.314,365.000
cordex010,tas,2051,AN,12.502,365.000
cordex010,tas,2052,AN,11.999,366.000
cordex010,tas,2053,AN,13.174,365.000
cordex010,tas,2054,AN,11.301,365.000
cordex010,tas,2055,AN,12.843,365.000
cordex010,tas,2056,AN,12.271,366.000
cordex010,tas,2057,AN,11.693,365.000
cordex010,tas,2058,AN,12.218,365.000
cordex010,tas,2059,AN,12.852,365.000
cordex010,tas,2060,AN,13.244,366.000
cordex010,tas,2061,AN,12.093,365.000
cordex010,tas,2062,AN,11.812,365.000
cordex010,tas,2063,AN,12.473,365.000
cordex010,tas,2064,AN,11.997,366.000
cordex010,tas,2065,AN,13.534,365.000
cordex010,tas,2066,AN,13.504,365.000
cordex010,tas,2067,AN,12.169,365.000
cordex010,tas,2068,AN,12.710,366.000
cordex010,tas,2069,AN,13.096,365.000
cordex010,tas,2070,AN,11.939,365.000
cordex010,tas,2071,AN,12.852,365.000
cordex010,tas,2072,AN,11.577,366.000
cordex010,tas,2073,AN,13.061,365.000
cordex010,tas,2074,AN,12.366,365.000
cordex010,tas,2075,AN,12.443,365.000
cordex010,tas,2076,AN,11.981,366.000
cordex010,tas,2077,AN,11.721,365.000
cordex010,tas,2078,AN,12.246,365.000
cordex010,tas,2079,AN,13.586,365.000
cordex010,tas,2080,AN,13.176,366.000
cordex010,tas,2081,AN,11.652,365.000
cordex010,tas,2082,AN,12.141,365.000
cordex010,tas,2083,AN,13.758,365.000
cordex010,tas,2084,AN,13.200,366.000
cordex010,tas,2085,AN,13.770,365.000
cordex010,tas,2086,AN,13.348,365.000
cordex010,tas,2087,AN,13.057,365.000
cordex010,tas,2088,AN,13.053,366.000
cordex010,tas,2089,AN,13.169,365.000
cordex010,tas,2090,AN,11.854,365.000
cordex010,tas,2091,AN,12.837,365.000
cordex010,tas,2092,AN,13.422,366.000
cordex010,tas,2093,AN,12.830,365.000
cordex010,tas,2094,AN,13.308,365.000
cordex010,tas,2095,AN,13.060,365.000
cordex010,tas,2096,AN,11.806,366.000
cordex010,tas,2097,AN,12.415,365.000
cordex010,tas,2098,AN,12.161,365.000
cordex010,tas,2099,AN,13.324,365.000
cordex010,tas,2100,AN,12.583,365.000
cordex010,tasmax,1970,DJF,4.562,59.000
cordex010,tasmax,1970,JJA,21.881,92.000
cordex010,tasmax,1970,MAM,13.769,92.000
cordex010,tasmax,1970,SON,13.298,91.000
cordex010,tasmax,1971,DJF,6.510,90.000
cordex010,tasmax,1971,JJA,21.496,92.000
cordex010,tasmax,1971,MAM,14.732,92.000
cordex010,tasmax,1971,SON,13.542,91.000
cordex010,tasmax,1972,DJF,8.676,91.000
cordex010,tasmax,1972,JJA,19.621,92.000
cordex010,tasmax,1972,MAM,13.293,92.000
cordex010,tasmax,1972,SON,14.492,91.000
cordex010,tasmax,1973,DJF,5.716,90.000
cordex010,tasmax,1973,JJA,23.113,92.000
cordex010,tasmax,1973,MAM,14.205,92.000
cordex010,tasmax,1973,SON,14.607,91.000
cordex010,tasmax,1974,DJF,7.394,90.000
cordex010,tasmax,1974,JJA,20.062,92.000
cordex010,tasmax,1974,MAM,14.155,92.000
cordex010,tasmax,1974,SON,14.928,91.000
cordex010,tasmax,1975,DJF,7.272,90.000
cordex010,tasmax,1975,JJA,22.147,92.000
cordex010,tasmax,1975,MAM,12.969,92.000
cordex010,tasmax,1975,SON,14.508,91.000
cordex010,tasmax,1976,DJF,5.716,91.000
cordex010,tasmax,1976,JJA,20.980,92.000
cordex010,tasmax,1976,MAM,12.192,92.000
cordex010,tasmax,1976,SON,15.090,91.000
cordex010,tasmax,1977,DJF,7.227,90.000
cordex010,tasmax,1977,JJA,22.006,92.000
cordex010,tasmax,1977,MAM,13.180,92.000
cordex010,tasmax,1977,SON,14.112,91.000
cordex010,tasmax,1978,DJF,6.200,90.000
cordex010,tasmax,1978,JJA,24.185,92.000
cordex010,tasmax,1978,MAM,14.012,92.000
cordex010,tasmax,1978,SON,15.840,91.000
cordex010,tasmax,1979,DJF,6.569,90.000
cordex010,tasmax,1979,JJA,22.244,92.000
cordex010,tasmax,1979,MAM,11.923,92.000
cordex010,tasmax,1979,SON,14.233,91.000
cordex010,tasmax,1980,DJF,8.105,91.000
cordex010,tasmax,1980,JJA,22.367,92.000
cordex010,tasmax,1980,MAM,13.778,92.000
cordex010,tasmax,1980,SON,14.706,91.000
cordex010,tasmax,1981,DJF,9.037,90.000
cordex010,tasmax,1981,JJA,20.433,92.000
cordex010,tasmax,1981,MAM,12.543,92.000
cordex010,tasmax,1981,SON,14.975,91.000
cordex010,tasmax,1982,DJF,7.440,90.000
cordex010,tasmax,1982,JJA,21.323,92.000
cordex010,tasmax,1982,MAM,13.318,92.000
cordex010,tasmax,1982,SON,14.743,91.000
cordex010,tasmax,1983,DJF,7.333,90.000
cordex010,tasmax,1983,JJA,23.541,92.000
cordex010,tasmax,1983,MAM,13.503,92.000
cordex010,tasmax,1983,SON,14.348,91.000
cordex010,tasmax,1984,DJF,5.647,91.000
cordex010,tasmax,1984,JJA,21.803,92.000
cordex010,tasmax,1984,MAM,13.047,92.000
cordex010,tasmax,1984,SON,14.929,91.000
cordex010,tasmax,1985,DJF,7.016,90.000
cordex010,tasmax,1985,JJA,22.110,92.000
cordex010,tasmax,1985,MAM,14.614,92.000
cordex010,tasmax,1985,SON,16.192,91.000
cordex010,tasmax,1986,DJF,5.868,90.000
cordex010,tasmax,1986,JJA,22.267,92.000
cordex010,tasmax,1986,MAM,13.027,92.000
cordex010,tasmax,1986,SON,15.147,91.000
cordex010,tasmax,1987,DJF,5.167,90.000
cordex010,tasmax,1987,JJA,24.752,92.000
cordex010,tasmax,1987,MAM,12.761,92.000
cordex010,tasmax,1987,SON,15.231,91.000
cordex010,tasmax,1988,DJF,7.361,91.000
cordex010,tasmax,1988,JJA,23.552,92.000
cordex010,tasmax,1988,MAM,11.664,92.000
cordex010,tasmax,1988,SON,14.463,91.000
cordex010,tasmax,1989,DJF,5.557,90.000
cordex010,tasmax,1989,JJA,23.363,92.000
cordex010,tasmax,1989,MAM,13.582,92.000
cordex010,tasmax,1989,SON,14.740,91.000
cordex010,tasmax,1990,DJF,7.916,90.000
cordex010,tasmax,1990,JJA,20.127,92.000
cordex010,tasmax,1990,MAM,12.222,92.000
cordex010,tasmax,1990,SON,14.484,91.000
cordex010,tasmax,1991,DJF,5.146,90.000
cordex010,tasmax,1991,JJA,25.159,92.000
cordex010,tasmax,1991,MAM,12.669,92.000
cordex010,tasmax,1991,SON,16.135,91.000
cordex010,tasmax,1992,DJF,4.502,91.000
cordex010,tasmax,1992,JJA,23.069,92.000
cordex010,tasmax,1992,MAM,15.600,92.000
cordex010,tasmax,1992,SON,13.907,91.000
cordex010,tasmax,1993,DJF,7.457,90.000
cordex010,tasmax,1993,JJA,22.829,92.000
cordex010,tasmax,1993,MAM,14.814,92.000
cordex010,tasmax,1993,SON,15.746,91.000
cordex010,tasmax,1994,DJF,8.048,90.000
cordex010,tasmax,1994,JJA,22.905,92.000
cordex010,tasmax,1994,MAM,11.965,92.000
cordex010,tasmax,1994,SON,15.069,91.000
cordex010,tasmax,1995,DJF,8.300,90.000
cordex010,tasmax,1995,JJA,20.225,92.000
cordex010,tasmax,1995,MAM,13.707,92.000
cordex010,tasmax,1995,SON,14.101,91.000
cordex010,tasmax,1996,DJF,5.843,91.000
cordex010,tasmax,1996,JJA,23.081,92.000
cordex010,tasmax,1996,MAM,13.619,92.000
cordex010,tasmax,1996,SON,15.312,91.000
cordex010,tasmax,1997,DJF,5.732,90.000
cordex010,tasmax,1997,JJA,23.806,92.000
cordex010,tasmax,1997,MAM,11.836,92.000
cordex010,tasmax,1997,SON,15.323,91.000
cordex010,tasmax,1998,DJF,8.480,90.000
cordex010,tasmax,1998,JJA,23.724,92.000
cordex010,tasmax,1998,MAM,14.456,92.000
cordex010,tasmax,1998,SON,16.627,91.000
cordex010,tasmax,1999,DJF,7.109,90.000
cordex010,tasmax,1999,JJA,21.522,92.000
cordex010,tasmax,1999,MAM,14.973,92.000
cordex010,tasmax,1999,SON,15.111,91.000
cordex010,tasmax,2000,DJF,7.370,91.000
cordex010,tasmax,2000,JJA,20.640,92.000
cordex010,tasmax,2000,MAM,11.927,92.000
cordex010,tasmax,2000,SON,14.459,91.000
cordex010,tasmax,2001,DJF,8.160,90.000
cordex010,tasmax,2001,JJA,20.453,92.000
cordex010,tasmax,2001,MAM,14.122,92.000
cordex010,tasmax,2001,SON,15.855,91.000
cordex010,tasmax,2002,DJF,7.460,90.000
cordex010,tasmax,2002,JJA,22.049,92.000
cordex010,tasmax,2002,MAM,12.945,92.000
cordex010,tasmax,2002,SON,15.481,91.000
cordex010,tasmax,2003,DJF,7.701,90.000
cordex010,tasmax,2003,JJA,21.325,92.000
cordex010,tasmax,2003,MAM,13.373,92.000
cordex010,tasmax,2003,SON,16.333,91.000
cordex010,tasmax,2004,DJF,5.719,91.000
cordex010,tasmax,2004,JJA,23.931,92.000
cordex010,tasmax,2004,MAM,13.403,92.000
cordex010,tasmax,2004,SON,16.162,91.000
cordex010,tasmax,2005,DJF,8.089,90.000
cordex010,tasmax,2005,JJA,22.138,92.000
cordex010,tasmax,2005,MAM,16.292,92.000
cordex010,tasmax,2005,SON,15.137,91.000
cordex010,tasmax,2006,DJF,7.038,90.000
cordex010,tasmax,2006,JJA,20.878,92.000
cordex010,tasmax,2006,MAM,14.219,92.000
cordex010,tasmax,2006,SON,15.877,91.000
cordex010,tasmax,2007,DJF,7.633,90.000
cordex010,tasmax,2007,JJA,22.477,92.000
cordex010,tasmax,2007,MAM,14.699,92.000
cordex010,tasmax,2007,SON,17.067,91.000
cordex010,tasmax,2008,DJF,7.165,91.000
cordex010,tasmax,2008,JJA,23.081,92.000
cordex010,tasmax,2008,MAM,13.474,92.000
cordex010,tasmax,2008,SON,17.053,91.000
cordex010,tasmax,2009,DJF,7.677,90.000
cordex010,tasmax,2009,JJA,23.347,92.000
cordex010,tasmax,2009,MAM,13.517,92.000
cordex010,tasmax,2009,SON,15.958,91.000
cordex010,tasmax,2010,DJF,7.137,90.000
cordex010,tasmax,2010,JJA,22.551,92.000
cordex010,tasmax,2010,MAM,13.443,92.000
cordex010,tasmax,2010,SON,14.568,91.000
cordex010,tasmax,2011,DJF,8.358,90.000
cordex010,tasmax,2011,JJA,24.264,92.000
cordex010,tasmax,2011,MAM,13.081,92.000
cordex010,tasmax,2011,SON,15.221,91.000
cordex010,tasmax,2012,DJF,5.970,91.000
cordex010,tasmax,2012,JJA,23.193,92.000
cordex010,tasmax,2012,MAM,13.840,92.000
cordex010,tasmax,2012,SON,15.209,91.000
cordex010,tasmax,2013,DJF,7.665,90.000
cordex010,tasmax,2013,JJA,21.117,92.000
cordex010,tasmax,2013,MAM,14.866,92.000
cordex010,tasmax,2013,SON,15.613,91.000
cordex010,tasmax,2014,DJF,8.969,90.000
cordex010,tasmax,2014,JJA,23.941,92.000
cordex010,tasmax,2014,MAM,13.527,92.000
cordex010,tasmax,2014,SON,16.897,91.000
cordex010,tasmax,2015,DJF,7.403,90.000
cordex010,tasmax,2015,JJA,26.175,92.000
cordex010,tasmax,2015,MAM,15.792,92.000
cordex010,tasmax,2015,SON,15.807,91.000
cordex010,tasmax,2016,DJF,7.304,91.000
cordex010,tasmax,2016,JJA,24.415,92.000
cordex010,tasmax,2016,MAM,14.887,92.000
cordex010,tasmax,2016,SON,15.632,91.000
cordex010,tasmax,2017,DJF,8.109,90.000
cordex010,tasmax,2017,JJA,22.179,92.000
cordex010,tasmax,2017,MAM,13.397,92.000
cordex010,tasmax,2017,SON,16.612,91.000
cordex010,tasmax,2018,DJF,8.447,90.000
cordex010,tasmax,2018,JJA,26.154,92.000
cordex010,tasmax,2018,MAM,12.316,92.000
cordex010,tasmax,2018,SON,15.986,91.000
cordex010,tasmax,2019,DJF,6.891,90.000
cordex010,tasmax,2019,JJA,22.692,92.000
cordex010,tasmax,2019,MAM,13.763,92.000
cordex010,tasmax,2019,SON,17.127,91.000
cordex010,tasmax,2020,DJF,9.071,91.000
cordex010,tasmax,2020,JJA,22.018,92.000
cordex010,tasmax,2020,MAM,14.099,92.000
cordex010,tasmax,2020,SON,15.216,91.000
cordex010,tasmax,2021,DJF,8.602,90.000
cordex010,tasmax,2021,JJA,24.284,92.000
cordex010,tasmax,2021,MAM,13.832,92.000
cordex010,tasmax,2021,SON,16.203,91.000
cordex010,tasmax,2022,DJF,8.052,90.000
cordex010,tasmax,2022,JJA,24.815,92.000
cordex010,tasmax,2022,MAM,13.285,92.000
cordex010,tasmax,2022,SON,16.429,91.000
cordex010,tasmax,2023,DJF,9.990,90.000
cordex010,tasmax,2023,JJA,23.254,92.000
cordex010,tasmax,2023,MAM,15.989,92.000
cordex010,tasmax,2023,SON,15.844,91.000
cordex010,tasmax,2024,DJF,7.542,91.000
cordex010,tasmax,2024,JJA,22.812,92.000
cordex010,tasmax,2024,MAM,15.056,92.000
cordex010,tasmax,2024,SON,15.439,91.000
cordex010,tasmax,2025,DJF,7.867,90.000
cordex010,tasmax,2025,JJA,25.918,92.000
cordex010,tasmax,2025,MAM,14.747,92.000
cordex010,tasmax,2025,SON,16.617,91.000
cordex010,tasmax,2026,DJF,7.187,90.000
cordex010,tasmax,2026,JJA,23.977,92.000
cordex010,tasmax,2026,MAM,15.092,92.000
cordex010,tasmax,2026,SON,16.411,91.000
cordex010,tasmax,2027,DJF,6.938,90.000
cordex010,tasmax,2027,JJA,22.635,92.000
cordex010,tasmax,2027,MAM,13.305,92.000
cordex010,tasmax,2027,SON,17.203,91.000
cordex010,tasmax,2028,DJF,7.621,91.000
cordex010,tasmax,2028,JJA,23.948,92.000
cordex010,tasmax,2028,MAM,15.185,92.000
cordex010,tasmax,2028,SON,16.769,91.000
cordex010,tasmax,2029,DJF,6.397,90.000
cordex010,tasmax,2029,JJA,23.185,92.000
cordex010,tasmax,2029,MAM,14.082,92.000
cordex010,tasmax,2029,SON,15.311,91.000
cordex010,tasmax,2030,DJF,8.160,90.000
cordex010,tasmax,2030,JJA,22.019,92.000
cordex010,tasmax,2030,MAM,14.328,92.000
cordex010,tasmax,2030,SON,16.194,91.000
cordex010,tasmax,2031,DJF,8.610,90.000
cordex010,tasmax,2031,JJA,23.761,92.000
cordex010,tasmax,2031,MAM,15.599,92.000
cordex010,tasmax,2031,SON,15.179,91.000
cordex010,tasmax,2032,DJF,8.728,91.000
cordex010,tasmax,2032,JJA,22.317,92.000
cordex010,tasmax,2032,MAM,15.079,92.000
cordex010,tasmax,2032,SON,15.614,91.000
cordex010,tasmax,2033,DJF,8.671,90.000
cordex010,tasmax,2033,JJA,23.411,92.000
cordex010,tasmax,2033,MAM,14.691,92.000
cordex010,tasmax,2033,SON,16.770,91.000
cordex010,tasmax,2034,DJF,8.568,90.000
cordex010,tasmax,2034,JJA,21.986,92.000
cordex010,tasmax,2034,MAM,14.140,92.000
cordex010,tasmax,2034,SON,15.166,91.000
cordex010,tasmax,2035,DJF,8.154,90.000
cordex010,tasmax,2035,JJA,23.309,92.000
cordex010,tasmax,2035,MAM,13.856,92.000
cordex010,tasmax,2035,SON,15.971,91.000
cordex010,tasmax,2036,DJF,8.640,91.000
cordex010,tasmax,2036,JJA,25.091,92.000
cordex010,tasmax,2036,MAM,14.006,92.000
cordex010,tasmax,2036,SON,15.217,91.000
cordex010,tasmax,2037,DJF,5.842,90.000
cordex010,tasmax,2037,JJA,22.528,92.000
cordex010,tasmax,2037,MAM,15.365,92.000
cordex010,tasmax,2037,SON,15.015,91.000
cordex010,tasmax,2038,DJF,7.897,90.000
cordex010,tasmax,2038,JJA,27.354,92.000
cordex010,tasmax,2038,MAM,16.347,92.000
cordex010,tasmax,2038,SON,17.843,91.000
cordex010,tasmax,2039,DJF,10.196,90.000
cordex010,tasmax,2039,JJA,25.212,92.000
cordex010,tasmax,2039,MAM,18.433,92.000
cordex010,tasmax,2039,SON,16.732,91.000
cordex010,tasmax,2040,DJF,7.157,91.000
cordex010,tasmax,2040,JJA,23.066,92.000
cordex010,tasmax,2040,MAM,12.863,92.000
cordex010,tasmax,2040,SON,15.559,91.000
cordex010,tasmax,2041,DJF,7.675,90.000
cordex010,tasmax,2041,JJA,23.796,92.000
cordex010,tasmax,2041,MAM,15.150,92.000
cordex010,tasmax,2041,SON,17.341,91.000
cordex010,tasmax,2042,DJF,8.630,90.000
cordex010,tasmax,2042,JJA,25.388,92.000
cordex010,tasmax,2042,MAM,14.643,92.000
cordex010,tasmax,2042,SON,17.755,91.000
cordex010,tasmax,2043,DJF,8.138,90.000
cordex010,tasmax,2043,JJA,23.436,92.000
cordex010,tasmax,2043,MAM,15.571,92.000
cordex010,tasmax,2043,SON,16.305,91.000
cordex010,tasmax,2044,DJF,6.415,91.000
cordex010,tasmax,2044,JJA,26.285,92.000
cordex010,tasmax,2044,MAM,12.364,92.000
cordex010,tasmax,2044,SON,15.389,91.000
cordex010,tasmax,2045,DJF,7.859,90.000
cordex010,tasmax,2045,JJA,23.826,92.000
cordex010,tasmax,2045,MAM,13.750,92.000
cordex010,tasmax,2045,SON,16.229,91.000
cordex010,tasmax,2046,DJF,5.341,90.000
cordex010,tasmax,2046,JJA,24.507,92.000
cordex010,tasmax,2046,MAM,15.280,92.000
cordex010,tasmax,2046,SON,17.672,91.000
cordex010,tasmax,2047,DJF,7.269,90.000
cordex010,tasmax,2047,JJA,25.974,92.000
cordex010,tasmax,2047,MAM,14.363,92.000
cordex010,tasmax,2047,SON,18.442,91.000
cordex010,tasmax,2048,DJF,7.440,91.000
cordex010,tasmax,2048,JJA,25.596,92.000
cordex010,tasmax,2048,MAM,16.108,92.000
cordex010,tasmax,2048,SON,17.998,91.000
cordex010,tasmax,2049,DJF,8.701,90.000
cordex010,tasmax,2049,JJA,23.993,92.000
cordex010,tasmax,2049,MAM,12.787,92.000
cordex010,tasmax,2049,SON,16.430,91.000
cordex010,tasmax,2050,DJF,9.585,90.000
cordex010,tasmax,2050,JJA,25.208,92.000
cordex010,tasmax,2050,MAM,14.987,92.000
cordex010,tasmax,2050,SON,17.520,91.000
cordex010,tasmax,2051,DJF,8.860,90.000
cordex010,tasmax,2051,JJA,26.594,92.000
cordex010,tasmax,2051,MAM,14.414,92.000
cordex010,tasmax,2051,SON,18.057,91.000
cordex010,tasmax,2052,DJF,8.214,91.000
cordex010,tasmax,2052,JJA,24.087,92.000
cordex010,tasmax,2052,MAM,13.971,92.000
cordex010,tasmax,2052,SON,17.232,91.000
cordex010,tasmax,2053,DJF,9.162,90.000
cordex010,tasmax,2053,JJA,27.218,92.000
cordex010,tasmax,2053,MAM,16.857,92.000
cordex010,tasmax,2053,SON,18.200,91.000
cordex010,tasmax,2054,DJF,9.105,90.000
cordex010,tasmax,2054,JJA,22.125,92.000
cordex010,tasmax,2054,MAM,14.131,92.000
cordex010,tasmax,2054,SON,15.229,91.000
cordex010,tasmax,2055,DJF,8.469,90.000
cordex010,tasmax,2055,JJA,26.843,92.000
cordex010,tasmax,2055,MAM,13.884,92.000
cordex010,tasmax,2055,SON,18.632,91.000
cordex010,tasmax,2056,DJF,8.378,91.000
cordex010,tasmax,2056,JJA,26.083,92.000
cordex010,tasmax,2056,MAM,13.482,92.000
cordex010,tasmax,2056,SON,17.364,91.000
cordex010,tasmax,2057,DJF,7.282,90.000
cordex010,tasmax,2057,JJA,23.943,92.000
cordex010,tasmax,2057,MAM,14.227,92.000
cordex010,tasmax,2057,SON,16.981,91.000
cordex010,tasmax,2058,DJF,7.901,90.000
cordex010,tasmax,2058,JJA,25.073,92.000
cordex010,tasmax,2058,MAM,14.186,92.000
cordex010,tasmax,2058,SON,17.052,91.000
cordex010,tasmax,2059,DJF,8.303,90.000
cordex010,tasmax,2059,JJA,24.906,92.000
cordex010,tasmax,2059,MAM,16.383,92.000
cordex010,tasmax,2059,SON,16.992,91.000
cordex010,tasmax,2060,DJF,10.015,91.000
cordex010,tasmax,2060,JJA,25.743,92.000
cordex010,tasmax,2060,MAM,16.446,92.000
cordex010,tasmax,2060,SON,17.657,91.000
cordex010,tasmax,2061,DJF,8.649,90.000
cordex010,tasmax,2061,JJA,24.275,92.000
cordex010,tasmax,2061,MAM,14.603,92.000
cordex010,tasmax,2061,SON,15.831,91.000
cordex010,tasmax,2062,DJF,7.989,90.000
cordex010,tasmax,2062,JJA,24.316,92.000
cordex010,tasmax,2062,MAM,14.142,92.000
cordex010,tasmax,2062,SON,16.749,91.000
cordex010,tasmax,2063,DJF,9.724,90.000
cordex010,tasmax,2063,JJA,25.289,92.000
cordex010,tasmax,2063,MAM,15.786,92.000
cordex010,tasmax,2063,SON,15.470,91.000
cordex010,tasmax,2064,DJF,6.997,91.000
cordex010,tasmax,2064,JJA,24.739,92.000
cordex010,tasmax,2064,MAM,15.892,92.000
cordex010,tasmax,2064,SON,16.651,91.000
cordex010,tasmax,2065,DJF,8.590,90.000
cordex010,tasmax,2065,JJA,26.782,92.000
cordex010,tasmax,2065,MAM,17.325,92.000
cordex010,tasmax,2065,SON,16.877,91.000
cordex010,tasmax,2066,DJF,9.862,90.000
cordex010,tasmax,2066,JJA,25.515,92.000
cordex010,tasmax,2066,MAM,14.854,92.000
cordex010,tasmax,2066,SON,19.259,91.000
cordex010,tasmax,2067,DJF,9.254,90.000
cordex010,tasmax,2067,JJA,23.947,92.000
cordex010,tasmax,2067,MAM,15.034,92.000
cordex010,tasmax,2067,SON,16.108,91.000
cordex010,tasmax,2068,DJF,9.171,91.000
cordex010,tasmax,2068,JJA,24.700,92.000
cordex010,tasmax,2068,MAM,15.042,92.000
cordex010,tasmax,2068,SON,17.433,91.000
cordex010,tasmax,2069,DJF,8.561,90.000
cordex010,tasmax,2069,JJA,27.482,92.000
cordex010,tasmax,2069,MAM,14.160,92.000
cordex010,tasmax,2069,SON,18.250,91.000
cordex010,tasmax,2070,DJF,8.415,90.000
cordex010,tasmax,2070,JJA,23.510,92.000
cordex010,tasmax,2070,MAM,15.511,92.000
cordex010,tasmax,2070,SON,16.146,91.000
cordex010,tasmax,2071,DJF,9.364,90.000
cordex010,tasmax,2071,JJA,26.346,92.000
cordex010,tasmax,2071,MAM,15.247,92.000
cordex010,tasmax,2071,SON,17.433,91.000
cordex010,tasmax,2072,DJF,6.982,91.000
cordex010,tasmax,2072,JJA,22.668,92.000
cordex010,tasmax,2072,MAM,15.069,92.000
cordex010,tasmax,2072,SON,15.453,91.000
cordex010,tasmax,2073,DJF,9.267,90.000
cordex010,tasmax,2073,JJA,25.778,92.000
cordex010,tasmax,2073,MAM,14.854,92.000
cordex010,tasmax,2073,SON,18.175,91.000
cordex010,tasmax,2074,DJF,9.142,90.000
cordex010,tasmax,2074,JJA,25.278,92.000
cordex010,tasmax,2074,MAM,15.792,92.000
cordex010,tasmax,2074,SON,15.202,91.000
cordex010,tasmax,2075,DJF,7.800,90.000
cordex010,tasmax,2075,JJA,26.993,92.000
cordex010,tasmax,2075,MAM,15.152,92.000
cordex010,tasmax,2075,SON,17.584,91.000
cordex010,tasmax,2076,DJF,7.070,91.000
cordex010,tasmax,2076,JJA,25.005,92.000
cordex010,tasmax,2076,MAM,15.439,92.000
cordex010,tasmax,2076,SON,16.423,91.000
cordex010,tasmax,2077,DJF,7.526,90.000
cordex010,tasmax,2077,JJA,24.259,92.000
cordex010,tasmax,2077,MAM,13.828,92.000
cordex010,tasmax,2077,SON,16.308,91.000
cordex010,tasmax,2078,DJF,7.331,90.000
cordex010,tasmax,2078,JJA,23.168,92.000
cordex010,tasmax,2078,MAM,14.371,92.000
cordex010,tasmax,2078,SON,17.853,91.000
cordex010,tasmax,2079,DJF,12.144,90.000
cordex010,tasmax,2079,JJA,25.043,92.000
cordex010,tasmax,2079,MAM,16.513,92.000
cordex010,tasmax,2079,SON,17.027,91.000
cordex010,tasmax,2080,DJF,10.287,91.000
cordex010,tasmax,2080,JJA,24.033,92.000
cordex010,tasmax,2080,MAM,15.174,92.000
cordex010,tasmax,2080,SON,18.920,91.000
cordex010,tasmax,2081,DJF,9.056,90.000
cordex010,tasmax,2081,JJA,23.268,92.000
cordex010,tasmax,2081,MAM,15.342,92.000
cordex010,tasmax,2081,SON,14.689,91.000
cordex010,tasmax,2082,DJF,8.639,90.000
cordex010,tasmax,2082,JJA,23.486,92.000
cordex010,tasmax,2082,MAM,13.819,92.000
cordex010,tasmax,2082,SON,17.330,91.000
cordex010,tasmax,2083,DJF,9.821,90.000
cordex010,tasmax,2083,JJA,29.209,92.000
cordex010,tasmax,2083,MAM,15.042,92.000
cordex010,tasmax,2083,SON,17.862,91.000
cordex010,tasmax,2084,DJF,9.018,91.000
cordex010,tasmax,2084,JJA,24.923,92.000
cordex010,tasmax,2084,MAM,14.689,92.000
cordex010,tasmax,2084,SON,19.933,91.000
cordex010,tasmax,2085,DJF,8.155,90.000
cordex010,tasmax,2085,JJA,28.068,92.000
cordex010,tasmax,2085,MAM,14.924,92.000
cordex010,tasmax,2085,SON,21.317,91.000
cordex010,tasmax,2086,DJF,9.847,90.000
cordex010,tasmax,2086,JJA,26.518,92.000
cordex010,tasmax,2086,MAM,14.825,92.000
cordex010,tasmax,2086,SON,18.455,91.000
cordex010,tasmax,2087,DJF,9.275,90.000
cordex010,tasmax,2087,JJA,26.009,92.000
cordex010,tasmax,2087,MAM,14.926,92.000
cordex010,tasmax,2087,SON,18.143,91.000
cordex010,tasmax,2088,DJF,10.977,91.000
cordex010,tasmax,2088,JJA,25.469,92.000
cordex010,tasmax,2088,MAM,14.546,92.000
cordex010,tasmax,2088,SON,17.800,91.000
cordex010,tasmax,2089,DJF,8.135,90.000
cordex010,tasmax,2089,JJA,26.962,92.000
cordex010,tasmax,2089,MAM,15.993,92.000
cordex010,tasmax,2089,SON,17.902,91.000
cordex010,tasmax,2090,DJF,9.500,90.000
cordex010,tasmax,2090,JJA,21.250,92.000
cordex010,tasmax,2090,MAM,14.397,92.000
cordex010,tasmax,2090,SON,16.188,91.000
cordex010,tasmax,2091,DJF,9.801,90.000
cordex010,tasmax,2091,JJA,24.518,92.000
cordex010,tasmax,2091,MAM,14.995,92.000
cordex010,tasmax,2091,SON,17.801,91.000
cordex010,tasmax,2092,DJF,9.388,91.000
cordex010,tasmax,2092,JJA,24.649,92.000
cordex010,tasmax,2092,MAM,16.652,92.000
cordex010,tasmax,2092,SON,20.204,91.000
cordex010,tasmax,2093,DJF,10.204,90.000
cordex010,tasmax,2093,JJA,26.424,92.000
cordex010,tasmax,2093,MAM,16.129,92.000
cordex010,tasmax,2093,SON,16.012,91.000
cordex010,tasmax,2094,DJF,8.002,90.000
cordex010,tasmax,2094,JJA,27.602,92.000
cordex010,tasmax,2094,MAM,15.737,92.000
cordex010,tasmax,2094,SON,18.358,91.000
cordex010,tasmax,2095,DJF,7.683,90.000
cordex010,tasmax,2095,JJA,26.203,92.000
cordex010,tasmax,2095,MAM,15.209,92.000
cordex010,tasmax,2095,SON,18.960,91.000
cordex010,tasmax,2096,DJF,6.403,91.000
cordex010,tasmax,2096,JJA,25.993,92.000
cordex010,tasmax,2096,MAM,14.260,92.000
cordex010,tasmax,2096,SON,16.458,91.000
cordex010,tasmax,2097,DJF,9.659,90.000
cordex010,tasmax,2097,JJA,23.914,92.000
cordex010,tasmax,2097,MAM,15.726,92.000
cordex010,tasmax,2097,SON,15.845,91.000
cordex010,tasmax,2098,DJF,8.501,90.000
cordex010,tasmax,2098,JJA,25.654,92.000
cordex010,tasmax,2098,MAM,14.265,92.000
cordex010,tasmax,2098,SON,17.303,91.000
cordex010,tasmax,2099,DJF,8.689,90.000
cordex010,tasmax,2099,JJA,26.163,92.000
cordex010,tasmax,2099,MAM,16.285,92.000
cordex010,tasmax,2099,SON,16.778,91.000
cordex010,tasmax,2100,DJF,10.925,90.000
cordex010,tasmax,2100,JJA,23.813,92.000
cordex010,tasmax,2100,MAM,14.572,92.000
cordex010,tasmax,2100,SON,17.804,91.000
cordex010,tasmax,2101,DJF,7.268,31.000
cordex010,tasmax,1970,AN,13.627,365.000
cordex010,tasmax,1971,AN,14.209,365.000
cordex010,tasmax,1972,AN,13.600,366.000
cordex010,tasmax,1973,AN,14.897,365.000
cordex010,tasmax,1974,AN,14.060,365.000
cordex010,tasmax,1975,AN,14.181,365.000
cordex010,tasmax,1976,AN,13.646,366.000
cordex010,tasmax,1977,AN,14.004,365.000
cordex010,tasmax,1978,AN,14.993,365.000
cordex010,tasmax,1979,AN,13.940,365.000
cordex010,tasmax,1980,AN,15.041,366.000
cordex010,tasmax,1981,AN,14.097,365.000
cordex010,tasmax,1982,AN,14.272,365.000
cordex010,tasmax,1983,AN,14.406,365.000
cordex010,tasmax,1984,AN,14.086,366.000
cordex010,tasmax,1985,AN,15.094,365.000
cordex010,tasmax,1986,AN,14.098,365.000
cordex010,tasmax,1987,AN,14.607,365.000
cordex010,tasmax,1988,AN,14.052,366.000
cordex010,tasmax,1989,AN,14.463,365.000
cordex010,tasmax,1990,AN,13.622,365.000
cordex010,tasmax,1991,AN,14.687,365.000
cordex010,tasmax,1992,AN,14.497,366.000
cordex010,tasmax,1993,AN,15.387,365.000
cordex010,tasmax,1994,AN,14.641,365.000
cordex010,tasmax,1995,AN,13.757,365.000
cordex010,tasmax,1996,AN,14.694,366.000
cordex010,tasmax,1997,AN,14.344,365.000
cordex010,tasmax,1998,AN,15.886,365.000
cordex010,tasmax,1999,AN,14.628,365.000
cordex010,tasmax,2000,AN,13.635,366.000
cordex010,tasmax,2001,AN,14.708,365.000
cordex010,tasmax,2002,AN,14.458,365.000
cordex010,tasmax,2003,AN,14.414,365.000
cordex010,tasmax,2004,AN,15.235,366.000
cordex010,tasmax,2005,AN,15.506,365.000
cordex010,tasmax,2006,AN,14.440,365.000
cordex010,tasmax,2007,AN,15.485,365.000
cordex010,tasmax,2008,AN,15.265,366.000
cordex010,tasmax,2009,AN,15.011,365.000
cordex010,tasmax,2010,AN,14.418,365.000
cordex010,tasmax,2011,AN,15.217,365.000
cordex010,tasmax,2012,AN,14.773,366.000
cordex010,tasmax,2013,AN,14.941,365.000
cordex010,tasmax,2014,AN,15.827,365.000
cordex010,tasmax,2015,AN,16.308,365.000
cordex010,tasmax,2016,AN,15.500,366.000
cordex010,tasmax,2017,AN,15.073,365.000
cordex010,tasmax,2018,AN,15.748,365.000
cordex010,tasmax,2019,AN,15.308,365.000
cordex010,tasmax,2020,AN,14.947,366.000
cordex010,tasmax,2021,AN,15.777,365.000
cordex010,tasmax,2022,AN,16.004,365.000
cordex010,tasmax,2023,AN,16.090,365.000
cordex010,tasmax,2024,AN,15.329,366.000
cordex010,tasmax,2025,AN,16.223,365.000
cordex010,tasmax,2026,AN,15.724,365.000
cordex010,tasmax,2027,AN,15.082,365.000
cordex010,tasmax,2028,AN,15.868,366.000
cordex010,tasmax,2029,AN,14.827,365.000
cordex010,tasmax,2030,AN,15.095,365.000
cordex010,tasmax,2031,AN,16.005,365.000
cordex010,tasmax,2032,AN,15.468,366.000
cordex010,tasmax,2033,AN,15.873,365.000
cordex010,tasmax,2034,AN,15.128,365.000
cordex010,tasmax,2035,AN,15.347,365.000
cordex010,tasmax,2036,AN,15.696,366.000
cordex010,tasmax,2037,AN,14.629,365.000
cordex010,tasmax,2038,AN,17.601,365.000
cordex010,tasmax,2039,AN,17.415,365.000
cordex010,tasmax,2040,AN,14.910,366.000
cordex010,tasmax,2041,AN,15.860,365.000
cordex010,tasmax,2042,AN,16.669,365.000
cordex010,tasmax,2043,AN,15.686,365.000
cordex010,tasmax,2044,AN,15.134,366.000
cordex010,tasmax,2045,AN,15.671,365.000
cordex010,tasmax,2046,AN,15.751,365.000
cordex010,tasmax,2047,AN,16.582,365.000
cordex010,tasmax,2048,AN,17.043,366.000
cordex010,tasmax,2049,AN,15.477,365.000
cordex010,tasmax,2050,AN,16.731,365.000
cordex010,tasmax,2051,AN,16.887,365.000
cordex010,tasmax,2052,AN,16.075,366.000
cordex010,tasmax,2053,AN,17.882,365.000
cordex010,tasmax,2054,AN,15.080,365.000
cordex010,tasmax,2055,AN,17.142,365.000
cordex010,tasmax,2056,AN,16.286,366.000
cordex010,tasmax,2057,AN,15.614,365.000
cordex010,tasmax,2058,AN,16.109,365.000
cordex010,tasmax,2059,AN,16.946,365.000
cordex010,tasmax,2060,AN,17.304,366.000
cordex010,tasmax,2061,AN,15.834,365.000
cordex010,tasmax,2062,AN,15.698,365.000
cordex010,tasmax,2063,AN,16.547,365.000
cordex010,tasmax,2064,AN,16.039,366.000
cordex010,tasmax,2065,AN,17.681,365.000
cordex010,tasmax,2066,AN,17.498,365.000
cordex010,tasmax,2067,AN,15.986,365.000
cordex010,tasmax,2068,AN,16.666,366.000
cordex010,tasmax,2069,AN,17.353,365.000
cordex010,tasmax,2070,AN,15.734,365.000
cordex010,tasmax,2071,AN,16.916,365.000
cordex010,tasmax,2072,AN,15.323,366.000
cordex010,tasmax,2073,AN,17.116,365.000
cordex010,tasmax,2074,AN,16.231,365.000
cordex010,tasmax,2075,AN,16.725,365.000
cordex010,tasmax,2076,AN,16.044,366.000
cordex010,tasmax,2077,AN,15.556,365.000
cordex010,tasmax,2078,AN,16.123,365.000
cordex010,tasmax,2079,AN,17.677,365.000
cordex010,tasmax,2080,AN,16.960,366.000
cordex010,tasmax,2081,AN,15.528,365.000
cordex010,tasmax,2082,AN,16.067,365.000
cordex010,tasmax,2083,AN,17.931,365.000
cordex010,tasmax,2084,AN,17.214,366.000
cordex010,tasmax,2085,AN,18.066,365.000
cordex010,tasmax,2086,AN,17.502,365.000
cordex010,tasmax,2087,AN,17.257,365.000
cordex010,tasmax,2088,AN,17.026,366.000
cordex010,tasmax,2089,AN,17.311,365.000
cordex010,tasmax,2090,AN,15.449,365.000
cordex010,tasmax,2091,AN,16.847,365.000
cordex010,tasmax,2092,AN,17.817,366.000
cordex010,tasmax,2093,AN,16.897,365.000
cordex010,tasmax,2094,AN,17.502,365.000
cordex010,tasmax,2095,AN,17.194,365.000
cordex010,tasmax,2096,AN,15.696,366.000
cordex010,tasmax,2097,AN,16.491,365.000
cordex010,tasmax,2098,AN,16.224,365.000
cordex010,tasmax,2099,AN,17.391,365.000
cordex010,tasmax,2100,AN,16.454,365.000
cordex010,tasmin,1970,DJF,-1.599,59.000
cordex010,tasmin,1970,JJA,13.145,92.000
cordex010,tasmin,1970,MAM,4.797,92.000
cordex010,tasmin,1970,SON,6.266,91.000
cordex010,tasmin,1971,DJF,0.012,90.000
cordex010,tasmin,1971,JJA,13.022,92.000
cordex010,tasmin,1971,MAM,5.599,92.000
cordex010,tasmin,1971,SON,6.416,91.000
cordex010,tasmin,1972,DJF,2.351,91.000
cordex010,tasmin,1972,JJA,12.584,92.000
cordex010,tasmin,1972,MAM,5.221,92.000
cordex010,tasmin,1972,SON,6.941,91.000
cordex010,tasmin,1973,DJF,-0.963,90.000
cordex010,tasmin,1973,JJA,13.993,92.000
cordex010,tasmin,1973,MAM,5.298,92.000
cordex010,tasmin,1973,SON,7.319,91.000
cordex010,tasmin,1974,DJF,1.303,90.000
cordex010,tasmin,1974,JJA,12.612,92.000
cordex010,tasmin,1974,MAM,5.832,92.000
cordex010,tasmin,1974,SON,7.809,91.000
cordex010,tasmin,1975,DJF,1.430,90.000
cordex010,tasmin,1975,JJA,13.319,92.000
cordex010,tasmin,1975,MAM,5.001,92.000
cordex010,tasmin,1975,SON,7.590,91.000
cordex010,tasmin,1976,DJF,-0.357,91.000
cordex010,tasmin,1976,JJA,12.653,92.000
cordex010,tasmin,1976,MAM,5.025,92.000
cordex010,tasmin,1976,SON,7.665,91.000
cordex010,tasmin,1977,DJF,1.214,90.000
cordex010,tasmin,1977,JJA,13.122,92.000
cordex010,tasmin,1977,MAM,5.041,92.000
cordex010,tasmin,1977,SON,7.100,91.000
cordex010,tasmin,1978,DJF,-0.445,90.000
cordex010,tasmin,1978,JJA,13.933,92.000
cordex010,tasmin,1978,MAM,5.654,92.000
cordex010,tasmin,1978,SON,8.340,91.000
cordex010,tasmin,1979,DJF,0.761,90.000
cordex010,tasmin,1979,JJA,13.000,92.000
cordex010,tasmin,1979,MAM,3.578,92.000
cordex010,tasmin,1979,SON,7.355,91.000
cordex010,tasmin,1980,DJF,2.030,91.000
cordex010,tasmin,1980,JJA,12.734,92.000
cordex010,tasmin,1980,MAM,5.504,92.000
cordex010,tasmin,1980,SON,7.151,91.000
cordex010,tasmin,1981,DJF,2.931,90.000
cordex010,tasmin,1981,JJA,12.256,92.000
cordex010,tasmin,1981,MAM,4.453,92.000
cordex010,tasmin,1981,SON,8.102,91.000
cordex010,tasmin,1982,DJF,1.489,90.000
cordex010,tasmin,1982,JJA,13.158,92.000
cordex010,tasmin,1982,MAM,4.995,92.000
cordex010,tasmin,1982,SON,7.348,91.000
cordex010,tasmin,1983,DJF,1.254,90.000
cordex010,tasmin,1983,JJA,13.601,92.000
cordex010,tasmin,1983,MAM,4.648,92.000
cordex010,tasmin,1983,SON,7.725,91.000
cordex010,tasmin,1984,DJF,-0.344,91.000
cordex010,tasmin,1984,JJA,12.756,92.000
cordex010,tasmin,1984,MAM,4.236,92.000
cordex010,tasmin,1984,SON,7.534,91.000
cordex010,tasmin,1985,DJF,1.084,90.000
cordex010,tasmin,1985,JJA,13.191,92.000
cordex010,tasmin,1985,MAM,6.077,92.000
cordex010,tasmin,1985,SON,8.452,91.000
cordex010,tasmin,1986,DJF,0.117,90.000
cordex010,tasmin,1986,JJA,13.222,92.000
cordex010,tasmin,1986,MAM,4.596,92.000
cordex010,tasmin,1986,SON,8.289,91.000
cordex010,tasmin,1987,DJF,-0.450,90.000
cordex010,tasmin,1987,JJA,14.244,92.000
cordex010,tasmin,1987,MAM,4.165,92.000
cordex010,tasmin,1987,SON,7.490,91.000
cordex010,tasmin,1988,DJF,1.252,91.000
cordex010,tasmin,1988,JJA,14.123,92.000
cordex010,tasmin,1988,MAM,3.481,92.000
cordex010,tasmin,1988,SON,7.828,91.000
cordex010,tasmin,1989,DJF,-0.667,90.000
cordex010,tasmin,1989,JJA,13.145,92.000
cordex010,tasmin,1989,MAM,5.060,92.000
cordex010,tasmin,1989,SON,7.522,91.000
cordex010,tasmin,1990,DJF,1.864,90.000
cordex010,tasmin,1990,JJA,12.253,92.000
cordex010,tasmin,1990,MAM,4.491,92.000
cordex010,tasmin,1990,SON,7.172,91.000
cordex010,tasmin,1991,DJF,-0.942,90.000
cordex010,tasmin,1991,JJA,14.740,92.000
cordex010,tasmin,1991,MAM,4.287,92.000
cordex010,tasmin,1991,SON,8.651,91.000
cordex010,tasmin,1992,DJF,-1.370,91.000
cordex010,tasmin,1992,JJA,14.148,92.000
cordex010,tasmin,1992,MAM,6.458,92.000
cordex010,tasmin,1992,SON,7.352,91.000
cordex010,tasmin,1993,DJF,1.822,90.000
cordex010,tasmin,1993,JJA,13.949,92.000
cordex010,tasmin,1993,MAM,6.301,92.000
cordex010,tasmin,1993,SON,8.156,91.000
cordex010,tasmin,1994,DJF,2.224,90.000
cordex010,tasmin,1994,JJA,13.403,92.000
cordex010,tasmin,1994,MAM,3.644,92.000
cordex010,tasmin,1994,SON,7.691,91.000
cordex010,tasmin,1995,DJF,1.900,90.000
cordex010,tasmin,1995,JJA,12.338,92.000
cordex010,tasmin,1995,MAM,4.707,92.000
cordex010,tasmin,1995,SON,7.594,91.000
cordex010,tasmin,1996,DJF,-0.430,91.000
cordex010,tasmin,1996,JJA,13.627,92.000
cordex010,tasmin,1996,MAM,5.503,92.000
cordex010,tasmin,1996,SON,7.443,91.000
cordex010,tasmin,1997,DJF,-0.578,90.000
cordex010,tasmin,1997,JJA,13.762,92.000
cordex010,tasmin,1997,MAM,4.422,92.000
cordex010,tasmin,1997,SON,8.366,91.000
cordex010,tasmin,1998,DJF,1.858,90.000
cordex010,tasmin,1998,JJA,13.855,92.000
cordex010,tasmin,1998,MAM,5.083,92.000
cordex010,tasmin,1998,SON,8.963,91.000
cordex010,tasmin,1999,DJF,1.110,90.000
cordex010,tasmin,1999,JJA,12.797,92.000
cordex010,tasmin,1999,MAM,6.238,92.000
cordex010,tasmin,1999,SON,7.409,91.000
cordex010,tasmin,2000,DJF,1.338,91.000
cordex010,tasmin,2000,JJA,12.365,92.000
cordex010,tasmin,2000,MAM,4.767,92.000
cordex010,tasmin,2000,SON,7.197,91.000
cordex010,tasmin,2001,DJF,2.300,90.000
cordex010,tasmin,2001,JJA,12.869,92.000
cordex010,tasmin,2001,MAM,5.737,92.000
cordex010,tasmin,2001,SON,8.629,91.000
cordex010,tasmin,2002,DJF,1.537,90.000
cordex010,tasmin,2002,JJA,13.140,92.000
cordex010,tasmin,2002,MAM,4.707,92.000
cordex010,tasmin,2002,SON,8.978,91.000
cordex010,tasmin,2003,DJF,1.901,90.000
cordex010,tasmin,2003,JJA,12.639,92.000
cordex010,tasmin,2003,MAM,5.769,92.000
cordex010,tasmin,2003,SON,8.268,91.000
cordex010,tasmin,2004,DJF,-0.895,91.000
cordex010,tasmin,2004,JJA,14.587,92.000
cordex010,tasmin,2004,MAM,5.039,92.000
cordex010,tasmin,2004,SON,9.057,91.000
cordex010,tasmin,2005,DJF,1.695,90.000
cordex010,tasmin,2005,JJA,13.123,92.000
cordex010,tasmin,2005,MAM,7.270,92.000
cordex010,tasmin,2005,SON,7.773,91.000
cordex010,tasmin,2006,DJF,0.887,90.000
cordex010,tasmin,2006,JJA,13.306,92.000
cordex010,tasmin,2006,MAM,5.976,92.000
cordex010,tasmin,2006,SON,8.711,91.000
cordex010,tasmin,2007,DJF,1.358,90.000
cordex010,tasmin,2007,JJA,13.197,92.000
cordex010,tasmin,2007,MAM,6.526,92.000
cordex010,tasmin,2007,SON,9.212,91.000
cordex010,tasmin,2008,DJF,0.601,91.000
cordex010,tasmin,2008,JJA,13.447,92.000
cordex010,tasmin,2008,MAM,5.575,92.000
cordex010,tasmin,2008,SON,9.185,91.000
cordex010,tasmin,2009,DJF,1.823,90.000
cordex010,tasmin,2009,JJA,13.676,92.000
cordex010,tasmin,2009,MAM,5.169,92.000
cordex010,tasmin,2009,SON,8.105,91.000
cordex010,tasmin,2010,DJF,0.874,90.000
cordex010,tasmin,2010,JJA,13.815,92.000
cordex010,tasmin,2010,MAM,4.922,92.000
cordex010,tasmin,2010,SON,7.014,91.000
cordex010,tasmin,2011,DJF,2.417,90.000
cordex010,tasmin,2011,JJA,14.145,92.000
cordex010,tasmin,2011,MAM,4.959,92.000
cordex010,tasmin,2011,SON,7.719,91.000
cordex010,tasmin,2012,DJF,-0.028,91.000
cordex010,tasmin,2012,JJA,13.862,92.000
cordex010,tasmin,2012,MAM,5.680,92.000
cordex010,tasmin,2012,SON,7.978,91.000
cordex010,tasmin,2013,DJF,1.578,90.000
cordex010,tasmin,2013,JJA,13.023,92.000
cordex010,tasmin,2013,MAM,6.285,92.000
cordex010,tasmin,2013,SON,7.994,91.000
cordex010,tasmin,2014,DJF,2.688,90.000
cordex010,tasmin,2014,JJA,14.798,92.000
cordex010,tasmin,2014,MAM,5.315,92.000
cordex010,tasmin,2014,SON,8.689,91.000
cordex010,tasmin,2015,DJF,0.921,90.000
cordex010,tasmin,2015,JJA,15.371,92.000
cordex010,tasmin,2015,MAM,5.561,92.000
cordex010,tasmin,2015,SON,8.180,91.000
cordex010,tasmin,2016,DJF,1.088,91.000
cordex010,tasmin,2016,JJA,14.792,92.000
cordex010,tasmin,2016,MAM,6.178,92.000
cordex010,tasmin,2016,SON,8.347,91.000
cordex010,tasmin,2017,DJF,1.533,90.000
cordex010,tasmin,2017,JJA,13.252,92.000
cordex010,tasmin,2017,MAM,4.840,92.000
cordex010,tasmin,2017,SON,8.698,91.000
cordex010,tasmin,2018,DJF,1.851,90.000
cordex010,tasmin,2018,JJA,15.162,92.000
cordex010,tasmin,2018,MAM,4.350,92.000
cordex010,tasmin,2018,SON,8.597,91.000
cordex010,tasmin,2019,DJF,1.179,90.000
cordex010,tasmin,2019,JJA,13.906,92.000
cordex010,tasmin,2019,MAM,5.812,92.000
cordex010,tasmin,2019,SON,9.284,91.000
cordex010,tasmin,2020,DJF,2.917,91.000
cordex010,tasmin,2020,JJA,13.903,92.000
cordex010,tasmin,2020,MAM,5.025,92.000
cordex010,tasmin,2020,SON,7.572,91.000
cordex010,tasmin,2021,DJF,2.279,90.000
cordex010,tasmin,2021,JJA,14.205,92.000
cordex010,tasmin,2021,MAM,4.866,92.000
cordex010,tasmin,2021,SON,7.944,91.000
cordex010,tasmin,2022,DJF,2.142,90.000
cordex010,tasmin,2022,JJA,14.589,92.000
cordex010,tasmin,2022,MAM,5.458,92.000
cordex010,tasmin,2022,SON,8.253,91.000
cordex010,tasmin,2023,DJF,3.895,90.000
cordex010,tasmin,2023,JJA,14.299,92.000
cordex010,tasmin,2023,MAM,7.134,92.000
cordex010,tasmin,2023,SON,9.169,91.000
cordex010,tasmin,2024,DJF,1.310,91.000
cordex010,tasmin,2024,JJA,14.152,92.000
cordex010,tasmin,2024,MAM,6.544,92.000
cordex010,tasmin,2024,SON,7.420,91.000
cordex010,tasmin,2025,DJF,2.107,90.000
cordex010,tasmin,2025,JJA,16.410,92.000
cordex010,tasmin,2025,MAM,6.600,92.000
cordex010,tasmin,2025,SON,9.423,91.000
cordex010,tasmin,2026,DJF,1.147,90.000
cordex010,tasmin,2026,JJA,14.584,92.000
cordex010,tasmin,2026,MAM,6.726,92.000
cordex010,tasmin,2026,SON,8.798,91.000
cordex010,tasmin,2027,DJF,0.556,90.000
cordex010,tasmin,2027,JJA,13.905,92.000
cordex010,tasmin,2027,MAM,5.166,92.000
cordex010,tasmin,2027,SON,9.175,91.000
cordex010,tasmin,2028,DJF,1.279,91.000
cordex010,tasmin,2028,JJA,15.019,92.000
cordex010,tasmin,2028,MAM,6.425,92.000
cordex010,tasmin,2028,SON,9.326,91.000
cordex010,tasmin,2029,DJF,0.509,90.000
cordex010,tasmin,2029,JJA,15.017,92.000
cordex010,tasmin,2029,MAM,5.566,92.000
cordex010,tasmin,2029,SON,7.852,91.000
cordex010,tasmin,2030,DJF,1.682,90.000
cordex010,tasmin,2030,JJA,13.396,92.000
cordex010,tasmin,2030,MAM,6.342,92.000
cordex010,tasmin,2030,SON,9.331,91.000
cordex010,tasmin,2031,DJF,1.737,90.000
cordex010,tasmin,2031,JJA,14.585,92.000
cordex010,tasmin,2031,MAM,6.562,92.000
cordex010,tasmin,2031,SON,7.720,91.000
cordex010,tasmin,2032,DJF,2.323,91.000
cordex010,tasmin,2032,JJA,13.773,92.000
cordex010,tasmin,2032,MAM,6.920,92.000
cordex010,tasmin,2032,SON,7.891,91.000
cordex010,tasmin,2033,DJF,2.332,90.000
cordex010,tasmin,2033,JJA,14.308,92.000
cordex010,tasmin,2033,MAM,6.358,92.000
cordex010,tasmin,2033,SON,8.545,91.000
cordex010,tasmin,2034,DJF,2.824,90.000
cordex010,tasmin,2034,JJA,13.846,92.000
cordex010,tasmin,2034,MAM,6.185,92.000
cordex010,tasmin,2034,SON,8.430,91.000
cordex010,tasmin,2035,DJF,1.338,90.000
cordex010,tasmin,2035,JJA,14.189,92.000
cordex010,tasmin,2035,MAM,6.234,92.000
cordex010,tasmin,2035,SON,8.994,91.000
cordex010,tasmin,2036,DJF,2.425,91.000
cordex010,tasmin,2036,JJA,15.194,92.000
cordex010,tasmin,2036,MAM,5.686,92.000
cordex010,tasmin,2036,SON,7.912,91.000
cordex010,tasmin,2037,DJF,0.053,90.000
cordex010,tasmin,2037,JJA,14.425,92.000
cordex010,tasmin,2037,MAM,6.199,92.000
cordex010,tasmin,2037,SON,7.738,91.000
cordex010,tasmin,2038,DJF,1.655,90.000
cordex010,tasmin,2038,JJA,16.311,92.000
cordex010,tasmin,2038,MAM,7.398,92.000
cordex010,tasmin,2038,SON,9.000,91.000
cordex010,tasmin,2039,DJF,3.869,90.000
cordex010,tasmin,2039,JJA,15.088,92.000
cordex010,tasmin,2039,MAM,8.741,92.000
cordex010,tasmin,2039,SON,9.056,91.000
cordex010,tasmin,2040,DJF,1.406,91.000
cordex010,tasmin,2040,JJA,14.404,92.000
cordex010,tasmin,2040,MAM,4.816,92.000
cordex010,tasmin,2040,SON,8.278,91.000
cordex010,tasmin,2041,DJF,1.808,90.000
cordex010,tasmin,2041,JJA,14.534,92.000
cordex010,tasmin,2041,MAM,6.308,92.000
cordex010,tasmin,2041,SON,9.696,91.000
cordex010,tasmin,2042,DJF,2.262,90.000
cordex010,tasmin,2042,JJA,15.026,92.000
cordex010,tasmin,2042,MAM,6.277,92.000
cordex010,tasmin,2042,SON,9.143,91.000
cordex010,tasmin,2043,DJF,2.223,90.000
cordex010,tasmin,2043,JJA,14.269,92.000
cordex010,tasmin,2043,MAM,6.646,92.000
cordex010,tasmin,2043,SON,8.967,91.000
cordex010,tasmin,2044,DJF,-0.029,91.000
cordex010,tasmin,2044,JJA,15.324,92.000
cordex010,tasmin,2044,MAM,4.687,92.000
cordex010,tasmin,2044,SON,8.383,91.000
cordex010,tasmin,2045,DJF,1.595,90.000
cordex010,tasmin,2045,JJA,14.038,92.000
cordex010,tasmin,2045,MAM,5.705,92.000
cordex010,tasmin,2045,SON,9.203,91.000
cordex010,tasmin,2046,DJF,-0.876,90.000
cordex010,tasmin,2046,JJA,14.962,92.000
cordex010,tasmin,2046,MAM,5.747,92.000
cordex010,tasmin,2046,SON,8.904,91.000
cordex010,tasmin,2047,DJF,1.142,90.000
cordex010,tasmin,2047,JJA,15.669,92.000
cordex010,tasmin,2047,MAM,6.134,92.000
cordex010,tasmin,2047,SON,9.478,91.000
cordex010,tasmin,2048,DJF,1.700,91.000
cordex010,tasmin,2048,JJA,15.385,92.000
cordex010,tasmin,2048,MAM,7.013,92.000
cordex010,tasmin,2048,SON,10.289,91.000
cordex010,tasmin,2049,DJF,2.800,90.000
cordex010,tasmin,2049,JJA,15.342,92.000
cordex010,tasmin,2049,MAM,4.618,92.000
cordex010,tasmin,2049,SON,9.226,91.000
cordex010,tasmin,2050,DJF,2.830,90.000
cordex010,tasmin,2050,JJA,14.695,92.000
cordex010,tasmin,2050,MAM,6.479,92.000
cordex010,tasmin,2050,SON,8.777,91.000
cordex010,tasmin,2051,DJF,2.448,90.000
cordex010,tasmin,2051,JJA,15.988,92.000
cordex010,tasmin,2051,MAM,5.901,92.000
cordex010,tasmin,2051,SON,9.185,91.000
cordex010,tasmin,2052,DJF,1.938,91.000
cordex010,tasmin,2052,JJA,14.650,92.000
cordex010,tasmin,2052,MAM,5.899,92.000
cordex010,tasmin,2052,SON,9.039,91.000
cordex010,tasmin,2053,DJF,2.657,90.000
cordex010,tasmin,2053,JJA,16.087,92.000
cordex010,tasmin,2053,MAM,7.866,92.000
cordex010,tasmin,2053,SON,8.437,91.000
cordex010,tasmin,2054,DJF,3.132,90.000
cordex010,tasmin,2054,JJA,13.566,92.000
cordex010,tasmin,2054,MAM,6.065,92.000
cordex010,tasmin,2054,SON,8.539,91.000
cordex010,tasmin,2055,DJF,1.766,90.000
cordex010,tasmin,2055,JJA,15.840,92.000
cordex010,tasmin,2055,MAM,5.899,92.000
cordex010,tasmin,2055,SON,10.566,91.000
cordex010,tasmin,2056,DJF,1.840,91.000
cordex010,tasmin,2056,JJA,15.564,92.000
cordex010,tasmin,2056,MAM,5.662,92.000
cordex010,tasmin,2056,SON,9.887,91.000
cordex010,tasmin,2057,DJF,1.185,90.000
cordex010,tasmin,2057,JJA,14.802,92.000
cordex010,tasmin,2057,MAM,5.743,92.000
cordex010,tasmin,2057,SON,9.509,91.000
cordex010,tasmin,2058,DJF,2.223,90.000
cordex010,tasmin,2058,JJA,15.373,92.000
cordex010,tasmin,2058,MAM,6.001,92.000
cordex010,tasmin,2058,SON,9.820,91.000
cordex010,tasmin,2059,DJF,2.169,90.000
cordex010,tasmin,2059,JJA,15.319,92.000
cordex010,tasmin,2059,MAM,7.886,92.000
cordex010,tasmin,2059,SON,8.989,91.000
cordex010,tasmin,2060,DJF,3.803,91.000
cordex010,tasmin,2060,JJA,16.144,92.000
cordex010,tasmin,2060,MAM,7.326,92.000
cordex010,tasmin,2060,SON,9.923,91.000
cordex010,tasmin,2061,DJF,2.731,90.000
cordex010,tasmin,2061,JJA,14.949,92.000
cordex010,tasmin,2061,MAM,6.674,92.000
cordex010,tasmin,2061,SON,9.606,91.000
cordex010,tasmin,2062,DJF,2.069,90.000
cordex010,tasmin,2062,JJA,14.886,92.000
cordex010,tasmin,2062,MAM,6.312,92.000
cordex010,tasmin,2062,SON,9.263,91.000
cordex010,tasmin,2063,DJF,3.149,90.000
cordex010,tasmin,2063,JJA,15.529,92.000
cordex010,tasmin,2063,MAM,7.278,92.000
cordex010,tasmin,2063,SON,8.625,91.000
cordex010,tasmin,2064,DJF,0.325,91.000
cordex010,tasmin,2064,JJA,15.499,92.000
cordex010,tasmin,2064,MAM,6.678,92.000
cordex010,tasmin,2064,SON,9.654,91.000
cordex010,tasmin,2065,DJF,2.202,90.000
cordex010,tasmin,2065,JJA,16.312,92.000
cordex010,tasmin,2065,MAM,8.207,92.000
cordex010,tasmin,2065,SON,9.928,91.000
cordex010,tasmin,2066,DJF,3.538,90.000
cordex010,tasmin,2066,JJA,15.883,92.000
cordex010,tasmin,2066,MAM,6.974,92.000
cordex010,tasmin,2066,SON,11.066,91.000
cordex010,tasmin,2067,DJF,2.793,90.000
cordex010,tasmin,2067,JJA,15.386,92.000
cordex010,tasmin,2067,MAM,6.368,92.000
cordex010,tasmin,2067,SON,9.323,91.000
cordex010,tasmin,2068,DJF,3.446,91.000
cordex010,tasmin,2068,JJA,14.914,92.000
cordex010,tasmin,2068,MAM,7.289,92.000
cordex010,tasmin,2068,SON,9.489,91.000
cordex010,tasmin,2069,DJF,1.768,90.000
cordex010,tasmin,2069,JJA,16.938,92.000
cordex010,tasmin,2069,MAM,5.373,92.000
cordex010,tasmin,2069,SON,10.566,91.000
cordex010,tasmin,2070,DJF,2.510,90.000
cordex010,tasmin,2070,JJA,14.917,92.000
cordex010,tasmin,2070,MAM,7.142,92.000
cordex010,tasmin,2070,SON,9.726,91.000
cordex010,tasmin,2071,DJF,2.735,90.000
cordex010,tasmin,2071,JJA,15.706,92.000
cordex010,tasmin,2071,MAM,7.280,92.000
cordex010,tasmin,2071,SON,10.055,91.000
cordex010,tasmin,2072,DJF,0.835,91.000
cordex010,tasmin,2072,JJA,14.228,92.000
cordex010,tasmin,2072,MAM,6.582,92.000
cordex010,tasmin,2072,SON,9.061,91.000
cordex010,tasmin,2073,DJF,3.777,90.000
cordex010,tasmin,2073,JJA,15.622,92.000
cordex010,tasmin,2073,MAM,6.563,92.000
cordex010,tasmin,2073,SON,10.172,91.000
cordex010,tasmin,2074,DJF,3.231,90.000
cordex010,tasmin,2074,JJA,15.962,92.000
cordex010,tasmin,2074,MAM,7.833,92.000
cordex010,tasmin,2074,SON,7.947,91.000
cordex010,tasmin,2075,DJF,1.694,90.000
cordex010,tasmin,2075,JJA,16.173,92.000
cordex010,tasmin,2075,MAM,5.658,92.000
cordex010,tasmin,2075,SON,10.092,91.000
cordex010,tasmin,2076,DJF,0.523,91.000
cordex010,tasmin,2076,JJA,15.216,92.000
cordex010,tasmin,2076,MAM,7.344,92.000
cordex010,tasmin,2076,SON,9.303,91.000
cordex010,tasmin,2077,DJF,1.473,90.000
cordex010,tasmin,2077,JJA,15.109,92.000
cordex010,tasmin,2077,MAM,6.016,92.000
cordex010,tasmin,2077,SON,8.997,91.000
cordex010,tasmin,2078,DJF,0.985,90.000
cordex010,tasmin,2078,JJA,14.254,92.000
cordex010,tasmin,2078,MAM,6.470,92.000
cordex010,tasmin,2078,SON,10.466,91.000
cordex010,tasmin,2079,DJF,5.897,90.000
cordex010,tasmin,2079,JJA,15.864,92.000
cordex010,tasmin,2079,MAM,7.372,92.000
cordex010,tasmin,2079,SON,9.742,91.000
cordex010,tasmin,2080,DJF,4.405,91.000
cordex010,tasmin,2080,JJA,16.094,92.000
cordex010,tasmin,2080,MAM,7.226,92.000
cordex010,tasmin,2080,SON,10.522,91.000
cordex010,tasmin,2081,DJF,3.129,90.000
cordex010,tasmin,2081,JJA,14.645,92.000
cordex010,tasmin,2081,MAM,7.299,92.000
cordex010,tasmin,2081,SON,7.281,91.000
cordex010,tasmin,2082,DJF,2.608,90.000
cordex010,tasmin,2082,JJA,14.385,92.000
cordex010,tasmin,2082,MAM,6.457,92.000
cordex010,tasmin,2082,SON,9.825,91.000
cordex010,tasmin,2083,DJF,3.075,90.000
cordex010,tasmin,2083,JJA,18.196,92.000
cordex010,tasmin,2083,MAM,6.939,92.000
cordex010,tasmin,2083,SON,10.226,91.000
cordex010,tasmin,2084,DJF,2.535,91.000
cordex010,tasmin,2084,JJA,15.456,92.000
cordex010,tasmin,2084,MAM,7.255,92.000
cordex010,tasmin,2084,SON,11.722,91.000
cordex010,tasmin,2085,DJF,2.410,90.000
cordex010,tasmin,2085,JJA,16.936,92.000
cordex010,tasmin,2085,MAM,6.930,92.000
cordex010,tasmin,2085,SON,12.209,91.000
cordex010,tasmin,2086,DJF,3.399,90.000
cordex010,tasmin,2086,JJA,16.277,92.000
cordex010,tasmin,2086,MAM,7.138,92.000
cordex010,tasmin,2086,SON,10.135,91.000
cordex010,tasmin,2087,DJF,2.681,90.000
cordex010,tasmin,2087,JJA,16.150,92.000
cordex010,tasmin,2087,MAM,6.546,92.000
cordex010,tasmin,2087,SON,10.399,91.000
cordex010,tasmin,2088,DJF,4.545,91.000
cordex010,tasmin,2088,JJA,16.091,92.000
cordex010,tasmin,2088,MAM,5.999,92.000
cordex010,tasmin,2088,SON,10.430,91.000
cordex010,tasmin,2089,DJF,1.806,90.000
cordex010,tasmin,2089,JJA,17.118,92.000
cordex010,tasmin,2089,MAM,6.754,92.000
cordex010,tasmin,2089,SON,10.496,91.000
cordex010,tasmin,2090,DJF,2.891,90.000
cordex010,tasmin,2090,JJA,14.300,92.000
cordex010,tasmin,2090,MAM,6.692,92.000
cordex010,tasmin,2090,SON,9.985,91.000
cordex010,tasmin,2091,DJF,3.312,90.000
cordex010,tasmin,2091,JJA,15.051,92.000
cordex010,tasmin,2091,MAM,6.629,92.000
cordex010,tasmin,2091,SON,10.475,91.000
cordex010,tasmin,2092,DJF,3.152,91.000
cordex010,tasmin,2092,JJA,15.112,92.000
cordex010,tasmin,2092,MAM,7.751,92.000
cordex010,tasmin,2092,SON,10.712,91.000
cordex010,tasmin,2093,DJF,3.924,90.000
cordex010,tasmin,2093,JJA,15.792,92.000
cordex010,tasmin,2093,MAM,7.559,92.000
cordex010,tasmin,2093,SON,9.123,91.000
cordex010,tasmin,2094,DJF,1.970,90.000
cordex010,tasmin,2094,JJA,16.836,92.000
cordex010,tasmin,2094,MAM,7.051,92.000
cordex010,tasmin,2094,SON,10.192,91.000
cordex010,tasmin,2095,DJF,2.023,90.000
cordex010,tasmin,2095,JJA,15.465,92.000
cordex010,tasmin,2095,MAM,6.717,92.000
cordex010,tasmin,2095,SON,11.336,91.000
cordex010,tasmin,2096,DJF,0.238,91.000
cordex010,tasmin,2096,JJA,15.723,92.000
cordex010,tasmin,2096,MAM,5.887,92.000
cordex010,tasmin,2096,SON,9.821,91.000
cordex010,tasmin,2097,DJF,3.398,90.000
cordex010,tasmin,2097,JJA,14.935,92.000
cordex010,tasmin,2097,MAM,7.334,92.000
cordex010,tasmin,2097,SON,8.024,91.000
cordex010,tasmin,2098,DJF,2.266,90.000
cordex010,tasmin,2098,JJA,16.484,92.000
cordex010,tasmin,2098,MAM,5.748,92.000
cordex010,tasmin,2098,SON,9.036,91.000
cordex010,tasmin,2099,DJF,2.626,90.000
cordex010,tasmin,2099,JJA,15.997,92.000
cordex010,tasmin,2099,MAM,7.516,92.000
cordex010,tasmin,2099,SON,9.267,91.000
cordex010,tasmin,2100,DJF,4.501,90.000
cordex010,tasmin,2100,JJA,14.709,92.000
cordex010,tasmin,2100,MAM,6.930,92.000
cordex010,tasmin,2100,SON,10.247,91.000
cordex010,tasmin,2101,DJF,2.165,31.000
cordex010,tasmin,1970,AN,5.936,365.000
cordex010,tasmin,1971,AN,6.371,365.000
cordex010,tasmin,1972,AN,6.334,366.000
cordex010,tasmin,1973,AN,6.910,365.000
cordex010,tasmin,1974,AN,6.891,365.000
cordex010,tasmin,1975,AN,6.738,365.000
cordex010,tasmin,1976,AN,6.360,366.000
cordex010,tasmin,1977,AN,6.517,365.000
cordex010,tasmin,1978,AN,6.776,365.000
cordex010,tasmin,1979,AN,6.407,365.000
cordex010,tasmin,1980,AN,7.106,366.000
cordex010,tasmin,1981,AN,6.787,365.000
cordex010,tasmin,1982,AN,6.812,365.000
cordex010,tasmin,1983,AN,6.527,365.000
cordex010,tasmin,1984,AN,6.273,366.000
cordex010,tasmin,1985,AN,7.300,365.000
cordex010,tasmin,1986,AN,6.565,365.000
cordex010,tasmin,1987,AN,6.448,365.000
cordex010,tasmin,1988,AN,6.434,366.000
cordex010,tasmin,1989,AN,6.461,365.000
cordex010,tasmin,1990,AN,6.333,365.000
cordex010,tasmin,1991,AN,6.646,365.000
cordex010,tasmin,1992,AN,6.818,366.000
cordex010,tasmin,1993,AN,7.724,365.000
cordex010,tasmin,1994,AN,6.866,365.000
cordex010,tasmin,1995,AN,6.319,365.000
cordex010,tasmin,1996,AN,6.714,366.000
cordex010,tasmin,1997,AN,6.652,365.000
cordex010,tasmin,1998,AN,7.513,365.000
cordex010,tasmin,1999,AN,6.861,365.000
cordex010,tasmin,2000,AN,6.446,366.000
cordex010,tasmin,2001,AN,7.426,365.000
cordex010,tasmin,2002,AN,7.045,365.000
cordex010,tasmin,2003,AN,6.851,365.000
cordex010,tasmin,2004,AN,7.363,366.000
cordex010,tasmin,2005,AN,7.558,365.000
cordex010,tasmin,2006,AN,7.092,365.000
cordex010,tasmin,2007,AN,7.623,365.000
cordex010,tasmin,2008,AN,7.343,366.000
cordex010,tasmin,2009,AN,6.976,365.000
cordex010,tasmin,2010,AN,6.730,365.000
cordex010,tasmin,2011,AN,7.245,365.000
cordex010,tasmin,2012,AN,7.110,366.000
cordex010,tasmin,2013,AN,7.291,365.000
cordex010,tasmin,2014,AN,7.896,365.000
cordex010,tasmin,2015,AN,7.493,365.000
cordex010,tasmin,2016,AN,7.543,366.000
cordex010,tasmin,2017,AN,7.022,365.000
cordex010,tasmin,2018,AN,7.565,365.000
cordex010,tasmin,2019,AN,7.682,365.000
cordex010,tasmin,2020,AN,7.254,366.000
cordex010,tasmin,2021,AN,7.347,365.000
cordex010,tasmin,2022,AN,7.934,365.000
cordex010,tasmin,2023,AN,8.420,365.000
cordex010,tasmin,2024,AN,7.488,366.000
cordex010,tasmin,2025,AN,8.534,365.000
cordex010,tasmin,2026,AN,7.810,365.000
cordex010,tasmin,2027,AN,7.304,365.000
cordex010,tasmin,2028,AN,8.023,366.000
cordex010,tasmin,2029,AN,7.349,365.000
cordex010,tasmin,2030,AN,7.527,365.000
cordex010,tasmin,2031,AN,7.845,365.000
cordex010,tasmin,2032,AN,7.795,366.000
cordex010,tasmin,2033,AN,7.895,365.000
cordex010,tasmin,2034,AN,7.883,365.000
cordex010,tasmin,2035,AN,7.749,365.000
cordex010,tasmin,2036,AN,7.800,366.000
cordex010,tasmin,2037,AN,6.977,365.000
cordex010,tasmin,2038,AN,8.835,365.000
cordex010,tasmin,2039,AN,8.986,365.000
cordex010,tasmin,2040,AN,7.470,366.000
cordex010,tasmin,2041,AN,7.876,365.000
cordex010,tasmin,2042,AN,8.308,365.000
cordex010,tasmin,2043,AN,7.772,365.000
cordex010,tasmin,2044,AN,7.115,366.000
cordex010,tasmin,2045,AN,7.902,365.000
cordex010,tasmin,2046,AN,7.220,365.000
cordex010,tasmin,2047,AN,8.214,365.000
cordex010,tasmin,2048,AN,8.816,366.000
cordex010,tasmin,2049,AN,7.944,365.000
cordex010,tasmin,2050,AN,8.070,365.000
cordex010,tasmin,2051,AN,8.310,365.000
cordex010,tasmin,2052,AN,8.050,366.000
cordex010,tasmin,2053,AN,8.757,365.000
cordex010,tasmin,2054,AN,7.759,365.000
cordex010,tasmin,2055,AN,8.661,365.000
cordex010,tasmin,2056,AN,8.260,366.000
cordex010,tasmin,2057,AN,7.839,365.000
cordex010,tasmin,2058,AN,8.329,365.000
cordex010,tasmin,2059,AN,8.900,365.000
cordex010,tasmin,2060,AN,9.191,366.000
cordex010,tasmin,2061,AN,8.412,365.000
cordex010,tasmin,2062,AN,8.013,365.000
cordex010,tasmin,2063,AN,8.584,365.000
cordex010,tasmin,2064,AN,8.091,366.000
cordex010,tasmin,2065,AN,9.383,365.000
cordex010,tasmin,2066,AN,9.494,365.000
cordex010,tasmin,2067,AN,8.389,365.000
cordex010,tasmin,2068,AN,8.780,366.000
cordex010,tasmin,2069,AN,8.954,365.000
cordex010,tasmin,2070,AN,8.286,365.000
cordex010,tasmin,2071,AN,8.850,365.000
cordex010,tasmin,2072,AN,7.991,366.000
cordex010,tasmin,2073,AN,9.129,365.000
cordex010,tasmin,2074,AN,8.563,365.000
cordex010,tasmin,2075,AN,8.254,365.000
cordex010,tasmin,2076,AN,8.125,366.000
cordex010,tasmin,2077,AN,7.975,365.000
cordex010,tasmin,2078,AN,8.516,365.000
cordex010,tasmin,2079,AN,9.625,365.000
cordex010,tasmin,2080,AN,9.508,366.000
cordex010,tasmin,2081,AN,7.975,365.000
cordex010,tasmin,2082,AN,8.466,365.000
cordex010,tasmin,2083,AN,9.584,365.000
cordex010,tasmin,2084,AN,9.366,366.000
cordex010,tasmin,2085,AN,9.513,365.000
cordex010,tasmin,2086,AN,9.319,365.000
cordex010,tasmin,2087,AN,9.071,365.000
cordex010,tasmin,2088,AN,9.152,366.000
cordex010,tasmin,2089,AN,9.124,365.000
cordex010,tasmin,2090,AN,8.506,365.000
cordex010,tasmin,2091,AN,8.982,365.000
cordex010,tasmin,2092,AN,9.249,366.000
cordex010,tasmin,2093,AN,8.807,365.000
cordex010,tasmin,2094,AN,9.086,365.000
cordex010,tasmin,2095,AN,8.973,365.000
cordex010,tasmin,2096,AN,7.920,366.000
cordex010,tasmin,2097,AN,8.567,365.000
cordex010,tasmin,2098,AN,8.178,365.000
cordex010,tasmin,2099,AN,9.233,365.000
cordex010,tasmin,2100,AN,8.841,365.000
era5,pr,1970,DJF,244.805,59.000
era5,pr,1970,JJA,242.756,92.000
era5,pr,1970,MAM,263.389,92.000
era5,pr,1970,SON,219.029,91.000
era5,pr,1971,DJF,200.639,90.000
era5,pr,1971,JJA,289.750,92.000
era5,pr,1971,MAM,301.120,92.000
era5,pr,1971,SON,184.022,91.000
era5,pr,1972,DJF,268.925,91.000
era5,pr,1972,JJA,269.107,92.000
era5,pr,1972,MAM,263.437,92.000
era5,pr,1972,SON,240.186,91.000
era5,pr,1973,DJF,188.489,90.000
era5,pr,1973,JJA,235.725,92.000
era5,pr,1973,MAM,204.180,92.000
era5,pr,1973,SON,216.013,91.000
era5,pr,1974,DJF,273.379,90.000
era5,pr,1974,JJA,203.802,92.000
era5,pr,1974,MAM,262.648,92.000
era5,pr,1974,SON,361.297,91.000
era5,pr,1975,DJF,172.401,90.000
era5,pr,1975,JJA,196.750,92.000
era5,pr,1975,MAM,279.909,92.000
era5,pr,1975,SON,272.983,91.000
era5,pr,1976,DJF,147.028,91.000
era5,pr,1976,JJA,165.673,92.000
era5,pr,1976,MAM,155.193,92.000
era5,pr,1976,SON,361.922,91.000
era5,pr,1977,DJF,325.377,90.000
era5,pr,1977,JJA,306.491,92.000
era5,pr,1977,MAM,292.933,92.000
era5,pr,1977,SON,197.472,91.000
era5,pr,1978,DJF,312.754,90.000
era5,pr,1978,JJA,197.026,92.000
era5,pr,1978,MAM,322.995,92.000
era5,pr,1978,SON,81.530,91.000
era5,pr,1979,DJF,350.154,90.000
era5,pr,1979,JJA,196.454,92.000
era5,pr,1979,MAM,342.854,92.000
era5,pr,1979,SON,246.497,91.000
era5,pr,1980,DJF,282.281,91.000
era5,pr,1980,JJA,265.460,92.000
era5,pr,1980,MAM,267.167,92.000
era5,pr,1980,SON,241.938,91.000
era5,pr,1981,DJF,231.785,90.000
era5,pr,1981,JJA,235.916,92.000
era5,pr,1981,MAM,318.037,92.000
era5,pr,1981,SON,278.343,91.000
era5,pr,1982,DJF,323.521,90.000
era5,pr,1982,JJA,258.049,92.000
era5,pr,1982,MAM,191.454,92.000
era5,pr,1982,SON,334.832,91.000
era5,pr,1983,DJF,265.446,90.000
era5,pr,1983,JJA,232.474,92.000
era5,pr,1983,MAM,383.128,92.000
era5,pr,1983,SON,181.024,91.000
era5,pr,1984,DJF,283.252,91.000
era5,pr,1984,JJA,193.720,92.000
era5,pr,1984,MAM,251.281,92.000
era5,pr,1984,SON,331.483,91.000
era5,pr,1985,DJF,196.109,90.000
era5,pr,1985,JJA,201.978,92.000
era5,pr,1985,MAM,315.289,92.000
era5,pr,1985,SON,118.596,91.000
era5,pr,1986,DJF,281.558,90.000
era5,pr,1986,JJA,184.996,92.000
era5,pr,1986,MAM,323.759,92.000
era5,pr,1986,SON,225.956,91.000
era5,pr,1987,DJF,219.605,90.000
era5,pr,1987,JJA,292.178,92.000
era5,pr,1987,MAM,220.512,92.000
era5,pr,1987,SON,309.351,91.000
era5,pr,1988,DJF,300.060,91.000
era5,pr,1988,JJA,200.280,92.000
era5,pr,1988,MAM,330.812,92.000
era5,pr,1988,SON,195.287,91.000
era5,pr,1989,DJF,156.160,90.000
era5,pr,1989,JJA,144.464,92.000
era5,pr,1989,MAM,256.815,92.000
era5,pr,1989,SON,157.981,91.000
era5,pr,1990,DJF,256.817,90.000
era5,pr,1990,JJA,184.359,92.000
era5,pr,1990,MAM,181.579,92.000
era5,pr,1990,SON,249.371,91.000
era5,pr,1991,DJF,194.522,90.000
era5,pr,1991,JJA,170.631,92.000
era5,pr,1991,MAM,196.816,92.000
era5,pr,1991,SON,263.918,91.000
era5,pr,1992,DJF,107.063,91.000
era5,pr,1992,JJA,299.295,92.000
era5,pr,1992,MAM,214.796,92.000
era5,pr,1992,SON,309.863,91.000
era5,pr,1993,DJF,136.086,90.000
era5,pr,1993,JJA,203.664,92.000
era5,pr,1993,MAM,239.037,92.000
era5,pr,1993,SON,331.101,91.000
era5,pr,1994,DJF,355.938,90.000
era5,pr,1994,JJA,191.442,92.000
era5,pr,1994,MAM,264.333,92.000
era5,pr,1994,SON,323.881,91.000
era5,pr,1995,DJF,330.267,90.000
era5,pr,1995,JJA,161.019,92.000
era5,pr,1995,MAM,246.527,92.000
era5,pr,1995,SON,224.107,91.000
era5,pr,1996,DJF,299.742,91.000
era5,pr,1996,JJA,192.647,92.000
era5,pr,1996,MAM,194.518,92.000
era5,pr,1996,SON,297.020,91.000
era5,pr,1997,DJF,218.068,90.000
era5,pr,1997,JJA,281.780,92.000
era5,pr,1997,MAM,144.328,92.000
era5,pr,1997,SON,204.115,91.000
era5,pr,1998,DJF,221.817,90.000
era5,pr,1998,JJA,153.391,92.000
era5,pr,1998,MAM,270.336,92.000
era5,pr,1998,SON,299.996,91.000
era5,pr,1999,DJF,239.954,90.000
era5,pr,1999,JJA,208.695,92.000
era5,pr,1999,MAM,282.493,92.000
era5,pr,1999,SON,289.050,91.000
era5,pr,2000,DJF,260.644,91.000
era5,pr,2000,JJA,234.382,92.000
era5,pr,2000,MAM,267.716,92.000
era5,pr,2000,SON,354.573,91.000
era5,pr,2001,DJF,269.597,90.000
era5,pr,2001,JJA,226.170,92.000
era5,pr,2001,MAM,353.682,92.000
era5,pr,2001,SON,228.837,91.000
era5,pr,2002,DJF,186.278,90.000
era5,pr,2002,JJA,254.168,92.000
era5,pr,2002,MAM,216.766,92.000
era5,pr,2002,SON,316.034,91.000
era5,pr,2003,DJF,246.117,90.000
era5,pr,2003,JJA,161.340,92.000
era5,pr,2003,MAM,170.379,92.000
era5,pr,2003,SON,267.722,91.000
era5,pr,2004,DJF,275.584,91.000
era5,pr,2004,JJA,206.996,92.000
era5,pr,2004,MAM,222.235,92.000
era5,pr,2004,SON,188.027,91.000
era5,pr,2005,DJF,174.264,90.000
era5,pr,2005,JJA,163.977,92.000
era5,pr,2005,MAM,224.536,92.000
era5,pr,2005,SON,222.857,91.000
era5,pr,2006,DJF,193.588,90.000
era5,pr,2006,JJA,194.600,92.000
era5,pr,2006,MAM,269.257,92.000
era5,pr,2006,SON,275.773,91.000
era5,pr,2007,DJF,235.844,90.000
era5,pr,2007,JJA,289.308,92.000
era5,pr,2007,MAM,251.485,92.000
era5,pr,2007,SON,148.628,91.000
era5,pr,2008,DJF,208.856,91.000
era5,pr,2008,JJA,213.686,92.000
era5,pr,2008,MAM,344.271,92.000
era5,pr,2008,SON,264.326,91.000
era5,pr,2009,DJF,223.975,90.000
era5,pr,2009,JJA,182.418,92.000
era5,pr,2009,MAM,229.984,92.000
era5,pr,2009,SON,233.697,91.000
era5,pr,2010,DJF,273.577,90.000
era5,pr,2010,JJA,212.154,92.000
era5,pr,2010,MAM,202.494,92.000
era5,pr,2010,SON,275.432,91.000
era5,pr,2011,DJF,209.981,90.000
era5,pr,2011,JJA,241.914,92.000
era5,pr,2011,MAM,125.302,92.000
era5,pr,2011,SON,169.580,91.000
era5,pr,2012,DJF,230.829,91.000
era5,pr,2012,JJA,210.271,92.000
era5,pr,2012,MAM,271.346,92.000
era5,pr,2012,SON,278.173,91.000
era5,pr,2013,DJF,288.220,90.000
era5,pr,2013,JJA,177.573,92.000
era5,pr,2013,MAM,329.780,92.000
era5,pr,2013,SON,308.818,91.000
era5,pr,2014,DJF,320.165,90.000
era5,pr,2014,JJA,273.119,92.000
era5,pr,2014,MAM,196.311,92.000
era5,pr,2014,SON,249.202,91.000
era5,pr,2015,DJF,239.363,90.000
era5,pr,2015,JJA,185.965,92.000
era5,pr,2015,MAM,196.390,92.000
era5,pr,2015,SON,220.592,91.000
era5,pr,2016,DJF,268.198,91.000
era5,pr,2016,JJA,164.129,92.000
era5,pr,2016,MAM,316.199,92.000
era5,pr,2016,SON,231.468,91.000
era5,pr,2017,DJF,148.426,90.000
era5,pr,2017,JJA,205.429,92.000
era5,pr,2017,MAM,214.769,92.000
era5,pr,2017,SON,180.105,91.000
era5,pr,2018,DJF,352.425,90.000
era5,pr,2018,JJA,181.268,92.000
era5,pr,2018,MAM,317.074,92.000
era5,pr,2018,SON,203.109,91.000
era5,pr,2019,DJF,214.876,90.000
era5,pr,2019,JJA,178.098,92.000
era5,pr,2019,MAM,217.687,92.000
era5,pr,2019,SON,344.556,91.000
era5,pr,2020,DJF,282.218,91.000
era5,pr,2020,JJA,177.311,92.000
era5,pr,2020,MAM,223.727,92.000
era5,pr,2020,SON,231.846,91.000
era5,pr,2021,DJF,336.745,90.000
era5,pr,2021,JJA,269.221,92.000
era5,pr,2021,MAM,206.436,92.000
era5,pr,2021,SON,231.034,91.000
era5,pr,2022,DJF,219.159,90.000
era5,pr,2022,JJA,183.943,92.000
era5,pr,2022,MAM,180.412,92.000
era5,pr,2022,SON,288.231,91.000
era5,pr,2023,DJF,196.698,90.000
era5,pr,2023,JJA,218.871,92.000
era5,pr,2023,MAM,252.742,92.000
era5,pr,2023,SON,332.443,91.000
era5,pr,2024,DJF,272.553,91.000
era5,pr,2024,JJA,212.762,92.000
era5,pr,2024,MAM,360.994,92.000
era5,pr,2024,SON,327.343,91.000
era5,pr,2025,DJF,253.436,90.000
era5,pr,2025,JJA,185.234,92.000
era5,pr,2025,MAM,205.735,92.000
era5,pr,2025,SON,268.874,91.000
era5,pr,2026,DJF,72.408,31.000
era5,pr,1970,AN,1018.644,365.000
era5,pr,1971,AN,969.276,365.000
era5,pr,1972,AN,1057.252,366.000
era5,pr,1973,AN,882.380,365.000
era5,pr,1974,AN,1060.217,365.000
era5,pr,1975,AN,912.350,365.000
era5,pr,1976,AN,880.828,366.000
era5,pr,1977,AN,1100.479,365.000
era5,pr,1978,AN,983.294,365.000
era5,pr,1979,AN,1122.206,365.000
era5,pr,1980,AN,1005.924,366.000
era5,pr,1981,AN,1175.508,365.000
era5,pr,1982,AN,1052.377,365.000
era5,pr,1983,AN,996.427,365.000
era5,pr,1984,AN,1057.733,366.000
era5,pr,1985,AN,832.409,365.000
era5,pr,1986,AN,1039.156,365.000
era5,pr,1987,AN,1010.840,365.000
era5,pr,1988,AN,1025.981,366.000
era5,pr,1989,AN,742.583,365.000
era5,pr,1990,AN,865.710,365.000
era5,pr,1991,AN,785.496,365.000
era5,pr,1992,AN,963.864,366.000
era5,pr,1993,AN,976.214,365.000
era5,pr,1994,AN,1083.089,365.000
era5,pr,1995,AN,983.695,365.000
era5,pr,1996,AN,964.912,366.000
era5,pr,1997,AN,872.161,365.000
era5,pr,1998,AN,896.288,365.000
era5,pr,1999,AN,1107.634,365.000
era5,pr,2000,AN,1061.421,366.000
era5,pr,2001,AN,1032.063,365.000
era5,pr,2002,AN,1028.818,365.000
era5,pr,2003,AN,833.418,365.000
era5,pr,2004,AN,870.239,366.000
era5,pr,2005,AN,784.629,365.000
era5,pr,2006,AN,932.122,365.000
era5,pr,2007,AN,931.935,365.000
era5,pr,2008,AN,1041.586,366.000
era5,pr,2009,AN,894.486,365.000
era5,pr,2010,AN,959.196,365.000
era5,pr,2011,AN,787.334,365.000
era5,pr,2012,AN,966.435,366.000
era5,pr,2013,AN,1059.735,365.000
era5,pr,2014,AN,1033.468,365.000
era5,pr,2015,AN,799.743,365.000
era5,pr,2016,AN,970.180,366.000
era5,pr,2017,AN,853.448,365.000
era5,pr,2018,AN,1030.741,365.000
era5,pr,2019,AN,988.016,365.000
era5,pr,2020,AN,928.292,366.000
era5,pr,2021,AN,1011.443,365.000
era5,pr,2022,AN,847.740,365.000
era5,pr,2023,AN,1007.090,365.000
era5,pr,2024,AN,1146.481,366.000
era5,pr,2025,AN,916.153,365.000
cordex,pr,1970,DJF,173.819,59.000
cordex,pr,1970,JJA,252.483,92.000
cordex,pr,1970,MAM,231.874,92.000
cordex,pr,1970,SON,240.305,91.000
cordex,pr,1971,DJF,227.298,90.000
cordex,pr,1971,JJA,260.793,92.000
cordex,pr,1971,MAM,181.831,92.000
cordex,pr,1971,SON,244.254,91.000
cordex,pr,1972,DJF,242.607,91.000
cordex,pr,1972,JJA,272.549,92.000
cordex,pr,1972,MAM,302.083,92.000
cordex,pr,1972,SON,134.152,91.000
cordex,pr,1973,DJF,198.677,90.000
cordex,pr,1973,JJA,217.036,92.000
cordex,pr,1973,MAM,247.660,92.000
cordex,pr,1973,SON,216.612,91.000
cordex,pr,1974,DJF,211.142,90.000
cordex,pr,1974,JJA,323.247,92.000
cordex,pr,1974,MAM,325.417,92.000
cordex,pr,1974,SON,229.309,91.000
cordex,pr,1975,DJF,284.175,90.000
cordex,pr,1975,JJA,190.274,92.000
cordex,pr,1975,MAM,274.441,92.000
cordex,pr,1975,SON,317.675,91.000
cordex,pr,1976,DJF,141.108,91.000
cordex,pr,1976,JJA,186.232,92.000
cordex,pr,1976,MAM,340.031,92.000
cordex,pr,1976,SON,267.711,91.000
cordex,pr,1977,DJF,249.919,90.000
cordex,pr,1977,JJA,219.391,92.000
cordex,pr,1977,MAM,294.232,92.000
cordex,pr,1977,SON,255.052,91.000
cordex,pr,1978,DJF,254.750,90.000
cordex,pr,1978,JJA,118.668,92.000
cordex,pr,1978,MAM,285.036,92.000
cordex,pr,1978,SON,228.003,91.000
cordex,pr,1979,DJF,224.233,90.000
cordex,pr,1979,JJA,204.728,92.000
cordex,pr,1979,MAM,127.653,92.000
cordex,pr,1979,SON,249.942,91.000
cordex,pr,1980,DJF,290.694,91.000
cordex,pr,1980,JJA,173.661,92.000
cordex,pr,1980,MAM,268.127,92.000
cordex,pr,1980,SON,199.642,91.000
cordex,pr,1981,DJF,353.246,90.000
cordex,pr,1981,JJA,215.806,92.000
cordex,pr,1981,MAM,267.330,92.000
cordex,pr,1981,SON,245.061,91.000
cordex,pr,1982,DJF,252.024,90.000
cordex,pr,1982,JJA,234.732,92.000
cordex,pr,1982,MAM,266.058,92.000
cordex,pr,1982,SON,236.351,91.000
cordex,pr,1983,DJF,221.731,90.000
cordex,pr,1983,JJA,181.750,92.000
cordex,pr,1983,MAM,182.767,92.000
cordex,pr,1983,SON,322.150,91.000
cordex,pr,1984,DJF,170.281,91.000
cordex,pr,1984,JJA,209.599,92.000
cordex,pr,1984,MAM,217.025,92.000
cordex,pr,1984,SON,189.143,91.000
cordex,pr,1985,DJF,214.773,90.000
cordex,pr,1985,JJA,236.117,92.000
cordex,pr,1985,MAM,225.988,92.000
cordex,pr,1985,SON,222.315,91.000
cordex,pr,1986,DJF,197.531,90.000
cordex,pr,1986,JJA,207.090,92.000
cordex,pr,1986,MAM,260.440,92.000
cordex,pr,1986,SON,287.938,91.000
cordex,pr,1987,DJF,282.122,90.000
cordex,pr,1987,JJA,123.380,92.000
cordex,pr,1987,MAM,199.167,92.000
cordex,pr,1987,SON,221.607,91.000
cordex,pr,1988,DJF,194.209,91.000
cordex,pr,1988,JJA,221.247,92.000
cordex,pr,1988,MAM,224.058,92.000
cordex,pr,1988,SON,285.187,91.000
cordex,pr,1989,DJF,145.540,90.000
cordex,pr,1989,JJA,127.973,92.000
cordex,pr,1989,MAM,226.483,92.000
cordex,pr,1989,SON,220.341,91.000
cordex,pr,1990,DJF,257.203,90.000
cordex,pr,1990,JJA,285.701,92.000
cordex,pr,1990,MAM,348.743,92.000
cordex,pr,1990,SON,196.702,91.000
cordex,pr,1991,DJF,218.889,90.000
cordex,pr,1991,JJA,170.881,92.000
cordex,pr,1991,MAM,193.112,92.000
cordex,pr,1991,SON,255.506,91.000
cordex,pr,1992,DJF,262.074,91.000
cordex,pr,1992,JJA,249.859,92.000
cordex,pr,1992,MAM,208.737,92.000
cordex,pr,1992,SON,374.930,91.000
cordex,pr,1993,DJF,281.114,90.000
cordex,pr,1993,JJA,243.247,92.000
cordex,pr,1993,MAM,280.940,92.000
cordex,pr,1993,SON,291.340,91.000
cordex,pr,1994,DJF,302.502,90.000
cordex,pr,1994,JJA,176.749,92.000
cordex,pr,1994,MAM,153.231,92.000
cordex,pr,1994,SON,214.507,91.000
cordex,pr,1995,DJF,204.215,90.000
cordex,pr,1995,JJA,218.185,92.000
cordex,pr,1995,MAM,192.116,92.000
cordex,pr,1995,SON,296.382,91.000
cordex,pr,1996,DJF,236.005,91.000
cordex,pr,1996,JJA,164.650,92.000
cordex,pr,1996,MAM,260.099,92.000
cordex,pr,1996,SON,234.002,91.000
cordex,pr,1997,DJF,129.941,90.000
cordex,pr,1997,JJA,185.689,92.000
cordex,pr,1997,MAM,262.831,92.000
cordex,pr,1997,SON,230.243,91.000
cordex,pr,1998,DJF,225.827,90.000
cordex,pr,1998,JJA,175.930,92.000
cordex,pr,1998,MAM,163.473,92.000
cordex,pr,1998,SON,270.546,91.000
cordex,pr,1999,DJF,297.530,90.000
cordex,pr,1999,JJA,182.497,92.000
cordex,pr,1999,MAM,242.994,92.000
cordex,pr,1999,SON,189.509,91.000
cordex,pr,2000,DJF,216.801,91.000
cordex,pr,2000,JJA,190.370,92.000
cordex,pr,2000,MAM,366.565,92.000
cordex,pr,2000,SON,189.535,91.000
cordex,pr,2001,DJF,284.811,90.000
cordex,pr,2001,JJA,251.177,92.000
cordex,pr,2001,MAM,294.225,92.000
cordex,pr,2001,SON,257.741,91.000
cordex,pr,2002,DJF,336.190,90.000
cordex,pr,2002,JJA,236.004,92.000
cordex,pr,2002,MAM,217.899,92.000
cordex,pr,2002,SON,305.789,91.000
cordex,pr,2003,DJF,268.662,90.000
cordex,pr,2003,JJA,188.385,92.000
cordex,pr,2003,MAM,270.984,92.000
cordex,pr,2003,SON,168.236,91.000
cordex,pr,2004,DJF,196.282,91.000
cordex,pr,2004,JJA,185.046,92.000
cordex,pr,2004,MAM,252.178,92.000
cordex,pr,2004,SON,294.942,91.000
cordex,pr,2005,DJF,198.176,90.000
cordex,pr,2005,JJA,161.401,92.000
cordex,pr,2005,MAM,256.762,92.000
cordex,pr,2005,SON,238.046,91.000
cordex,pr,2006,DJF,239.981,90.000
cordex,pr,2006,JJA,296.103,92.000
cordex,pr,2006,MAM,285.961,92.000
cordex,pr,2006,SON,210.912,91.000
cordex,pr,2007,DJF,213.392,90.000
cordex,pr,2007,JJA,188.521,92.000
cordex,pr,2007,MAM,329.702,92.000
cordex,pr,2007,SON,280.868,91.000
cordex,pr,2008,DJF,157.637,91.000
cordex,pr,2008,JJA,165.631,92.000
cordex,pr,2008,MAM,259.240,92.000
cordex,pr,2008,SON,245.757,91.000
cordex,pr,2009,DJF,349.472,90.000
cordex,pr,2009,JJA,187.576,92.000
cordex,pr,2009,MAM,256.936,92.000
cordex,pr,2009,SON,233.695,91.000
cordex,pr,2010,DJF,219.536,90.000
cordex,pr,2010,JJA,199.275,92.000
cordex,pr,2010,MAM,253.447,92.000
cordex,pr,2010,SON,193.714,91.000
cordex,pr,2011,DJF,289.299,90.000
cordex,pr,2011,JJA,155.838,92.000
cordex,pr,2011,MAM,228.569,92.000
cordex,pr,2011,SON,188.984,91.000
cordex,pr,2012,DJF,278.664,91.000
cordex,pr,2012,JJA,223.663,92.000
cordex,pr,2012,MAM,321.998,92.000
cordex,pr,2012,SON,226.430,91.000
cordex,pr,2013,DJF,271.810,90.000
cordex,pr,2013,JJA,230.224,92.000
cordex,pr,2013,MAM,267.940,92.000
cordex,pr,2013,SON,236.148,91.000
cordex,pr,2014,DJF,304.924,90.000
cordex,pr,2014,JJA,208.339,92.000
cordex,pr,2014,MAM,248.593,92.000
cordex,pr,2014,SON,203.715,91.000
cordex,pr,2015,DJF,210.430,90.000
cordex,pr,2015,JJA,183.805,92.000
cordex,pr,2015,MAM,102.269,92.000
cordex,pr,2015,SON,217.529,91.000
cordex,pr,2016,DJF,227.325,91.000
cordex,pr,2016,JJA,206.761,92.000
cordex,pr,2016,MAM,211.798,92.000
cordex,pr,2016,SON,265.862,91.000
cordex,pr,2017,DJF,214.330,90.000
cordex,pr,2017,JJA,203.397,92.000
cordex,pr,2017,MAM,191.834,92.000
cordex,pr,2017,SON,174.886,91.000
cordex,pr,2018,DJF,214.118,90.000
cordex,pr,2018,JJA,112.191,92.000
cordex,pr,2018,MAM,246.082,92.000
cordex,pr,2018,SON,252.067,91.000
cordex,pr,2019,DJF,274.484,90.000
cordex,pr,2019,JJA,194.346,92.000
cordex,pr,2019,MAM,278.573,92.000
cordex,pr,2019,SON,191.645,91.000
cordex,pr,2020,DJF,313.089,91.000
cordex,pr,2020,JJA,299.381,92.000
cordex,pr,2020,MAM,141.016,92.000
cordex,pr,2020,SON,200.918,91.000
cordex,pr,2021,DJF,295.231,90.000
cordex,pr,2021,JJA,149.907,92.000
cordex,pr,2021,MAM,148.500,92.000
cordex,pr,2021,SON,223.030,91.000
cordex,pr,2022,DJF,316.020,90.000
cordex,pr,2022,JJA,159.814,92.000
cordex,pr,2022,MAM,308.596,92.000
cordex,pr,2022,SON,168.437,91.000
cordex,pr,2023,DJF,311.627,90.000
cordex,pr,2023,JJA,229.443,92.000
cordex,pr,2023,MAM,194.674,92.000
cordex,pr,2023,SON,350.154,91.000
cordex,pr,2024,DJF,245.998,91.000
cordex,pr,2024,JJA,198.760,92.000
cordex,pr,2024,MAM,309.102,92.000
cordex,pr,2024,SON,175.408,91.000
cordex,pr,2025,DJF,320.589,90.000
cordex,pr,2025,JJA,248.820,92.000
cordex,pr,2025,MAM,279.975,92.000
cordex,pr,2025,SON,277.281,91.000
cordex,pr,2026,DJF,328.113,90.000
cordex,pr,2026,JJA,172.055,92.000
cordex,pr,2026,MAM,283.109,92.000
cordex,pr,2026,SON,263.073,91.000
cordex,pr,2027,DJF,120.794,90.000
cordex,pr,2027,JJA,220.672,92.000
cordex,pr,2027,MAM,252.168,92.000
cordex,pr,2027,SON,216.491,91.000
cordex,pr,2028,DJF,208.049,91.000
cordex,pr,2028,JJA,211.675,92.000
cordex,pr,2028,MAM,269.777,92.000
cordex,pr,2028,SON,281.377,91.000
cordex,pr,2029,DJF,276.961,90.000
cordex,pr,2029,JJA,300.880,92.000
cordex,pr,2029,MAM,218.962,92.000
cordex,pr,2029,SON,167.296,91.000
cordex,pr,2030,DJF,211.509,90.000
cordex,pr,2030,JJA,196.275,92.000
cordex,pr,2030,MAM,241.112,92.000
cordex,pr,2030,SON,337.851,91.000
cordex,pr,2031,DJF,167.879,90.000
cordex,pr,2031,JJA,209.935,92.000
cordex,pr,2031,MAM,243.446,92.000
cordex,pr,2031,SON,180.062,91.000
cordex,pr,2032,DJF,229.669,91.000
cordex,pr,2032,JJA,253.969,92.000
cordex,pr,2032,MAM,268.116,92.000
cordex,pr,2032,SON,220.065,91.000
cordex,pr,2033,DJF,292.884,90.000
cordex,pr,2033,JJA,180.417,92.000
cordex,pr,2033,MAM,276.395,92.000
cordex,pr,2033,SON,199.064,91.000
cordex,pr,2034,DJF,396.247,90.000
cordex,pr,2034,JJA,234.664,92.000
cordex,pr,2034,MAM,258.880,92.000
cordex,pr,2034,SON,258.676,91.000
cordex,pr,2035,DJF,189.004,90.000
cordex,pr,2035,JJA,197.283,92.000
cordex,pr,2035,MAM,309.495,92.000
cordex,pr,2035,SON,294.507,91.000
cordex,pr,2036,DJF,258.824,91.000
cordex,pr,2036,JJA,199.004,92.000
cordex,pr,2036,MAM,294.825,92.000
cordex,pr,2036,SON,178.115,91.000
cordex,pr,2037,DJF,230.095,90.000
cordex,pr,2037,JJA,272.323,92.000
cordex,pr,2037,MAM,225.854,92.000
cordex,pr,2037,SON,168.873,91.000
cordex,pr,2038,DJF,235.269,90.000
cordex,pr,2038,JJA,143.285,92.000
cordex,pr,2038,MAM,220.140,92.000
cordex,pr,2038,SON,140.128,91.000
cordex,pr,2039,DJF,293.720,90.000
cordex,pr,2039,JJA,172.788,92.000
cordex,pr,2039,MAM,232.445,92.000
cordex,pr,2039,SON,206.382,91.000
cordex,pr,2040,DJF,275.787,91.000
cordex,pr,2040,JJA,203.214,92.000
cordex,pr,2040,MAM,271.099,92.000
cordex,pr,2040,SON,300.660,91.000
cordex,pr,2041,DJF,254.182,90.000
cordex,pr,2041,JJA,215.614,92.000
cordex,pr,2041,MAM,176.857,92.000
cordex,pr,2041,SON,228.622,91.000
cordex,pr,2042,DJF,169.735,90.000
cordex,pr,2042,JJA,133.220,92.000
cordex,pr,2042,MAM,284.940,92.000
cordex,pr,2042,SON,186.728,91.000
cordex,pr,2043,DJF,305.218,90.000
cordex,pr,2043,JJA,176.776,92.000
cordex,pr,2043,MAM,191.207,92.000
cordex,pr,2043,SON,297.958,91.000
cordex,pr,2044,DJF,195.211,91.000
cordex,pr,2044,JJA,128.596,92.000
cordex,pr,2044,MAM,260.039,92.000
cordex,pr,2044,SON,280.443,91.000
cordex,pr,2045,DJF,254.887,90.000
cordex,pr,2045,JJA,144.190,92.000
cordex,pr,2045,MAM,272.196,92.000
cordex,pr,2045,SON,290.721,91.000
cordex,pr,2046,DJF,244.899,90.000
cordex,pr,2046,JJA,167.942,92.000
cordex,pr,2046,MAM,189.310,92.000
cordex,pr,2046,SON,164.863,91.000
cordex,pr,2047,DJF,247.662,90.000
cordex,pr,2047,JJA,153.226,92.000
cordex,pr,2047,MAM,301.489,92.000
cordex,pr,2047,SON,205.816,91.000
cordex,pr,2048,DJF,308.001,91.000
cordex,pr,2048,JJA,157.626,92.000
cordex,pr,2048,MAM,213.169,92.000
cordex,pr,2048,SON,204.191,91.000
cordex,pr,2049,DJF,271.039,90.000
cordex,pr,2049,JJA,249.672,92.000
cordex,pr,2049,MAM,283.061,92.000
cordex,pr,2049,SON,230.174,91.000
cordex,pr,2050,DJF,234.051,90.000
cordex,pr,2050,JJA,94.090,92.000
cordex,pr,2050,MAM,266.507,92.000
cordex,pr,2050,SON,180.232,91.000
cordex,pr,2051,DJF,228.693,90.000
cordex,pr,2051,JJA,173.634,92.000
cordex,pr,2051,MAM,237.049,92.000
cordex,pr,2051,SON,148.129,91.000
cordex,pr,2052,DJF,219.396,91.000
cordex,pr,2052,JJA,138.246,92.000
cordex,pr,2052,MAM,276.792,92.000
cordex,pr,2052,SON,163.804,91.000
cordex,pr,2053,DJF,189.638,90.000
cordex,pr,2053,JJA,113.773,92.000
cordex,pr,2053,MAM,230.089,92.000
cordex,pr,2053,SON,142.898,91.000
cordex,pr,2054,DJF,270.306,90.000
cordex,pr,2054,JJA,215.345,92.000
cordex,pr,2054,MAM,259.537,92.000
cordex,pr,2054,SON,249.527,91.000
cordex,pr,2055,DJF,141.263,90.000
cordex,pr,2055,JJA,123.745,92.000
cordex,pr,2055,MAM,251.987,92.000
cordex,pr,2055,SON,250.448,91.000
cordex,pr,2056,DJF,310.759,91.000
cordex,pr,2056,JJA,129.467,92.000
cordex,pr,2056,MAM,258.093,92.000
cordex,pr,2056,SON,276.614,91.000
cordex,pr,2057,DJF,298.268,90.000
cordex,pr,2057,JJA,201.993,92.000
cordex,pr,2057,MAM,180.052,92.000
cordex,pr,2057,SON,228.825,91.000
cordex,pr,2058,DJF,327.823,90.000
cordex,pr,2058,JJA,128.321,92.000
cordex,pr,2058,MAM,246.609,92.000
cordex,pr,2058,SON,258.723,91.000
cordex,pr,2059,DJF,292.189,90.000
cordex,pr,2059,JJA,223.089,92.000
cordex,pr,2059,MAM,353.985,92.000
cordex,pr,2059,SON,202.470,91.000
cordex,pr,2060,DJF,312.671,91.000
cordex,pr,2060,JJA,218.039,92.000
cordex,pr,2060,MAM,230.183,92.000
cordex,pr,2060,SON,209.102,91.000
cordex,pr,2061,DJF,341.540,90.000
cordex,pr,2061,JJA,148.916,92.000
cordex,pr,2061,MAM,320.410,92.000
cordex,pr,2061,SON,348.399,91.000
cordex,pr,2062,DJF,275.431,90.000
cordex,pr,2062,JJA,173.753,92.000
cordex,pr,2062,MAM,279.956,92.000
cordex,pr,2062,SON,253.168,91.000
cordex,pr,2063,DJF,263.311,90.000
cordex,pr,2063,JJA,153.669,92.000
cordex,pr,2063,MAM,212.873,92.000
cordex,pr,2063,SON,264.199,91.000
cordex,pr,2064,DJF,88.827,91.000
cordex,pr,2064,JJA,251.877,92.000
cordex,pr,2064,MAM,193.109,92.000
cordex,pr,2064,SON,305.650,91.000
cordex,pr,2065,DJF,244.782,90.000
cordex,pr,2065,JJA,185.289,92.000
cordex,pr,2065,MAM,267.074,92.000
cordex,pr,2065,SON,363.487,91.000
cordex,pr,2066,DJF,303.780,90.000
cordex,pr,2066,JJA,188.087,92.000
cordex,pr,2066,MAM,303.049,92.000
cordex,pr,2066,SON,248.316,91.000
cordex,pr,2067,DJF,255.176,90.000
cordex,pr,2067,JJA,259.334,92.000
cordex,pr,2067,MAM,240.239,92.000
cordex,pr,2067,SON,309.286,91.000
cordex,pr,2068,DJF,442.633,91.000
cordex,pr,2068,JJA,152.093,92.000
cordex,pr,2068,MAM,259.215,92.000
cordex,pr,2068,SON,210.900,91.000
cordex,pr,2069,DJF,202.708,90.000
cordex,pr,2069,JJA,158.268,92.000
cordex,pr,2069,MAM,156.419,92.000
cordex,pr,2069,SON,289.205,91.000
cordex,pr,2070,DJF,359.469,90.000
cordex,pr,2070,JJA,215.455,92.000
cordex,pr,2070,MAM,266.026,92.000
cordex,pr,2070,SON,336.766,91.000
cordex,pr,2071,DJF,182.223,90.000
cordex,pr,2071,JJA,118.916,92.000
cordex,pr,2071,MAM,274.032,92.000
cordex,pr,2071,SON,255.997,91.000
cordex,pr,2072,DJF,186.825,91.000
cordex,pr,2072,JJA,227.346,92.000
cordex,pr,2072,MAM,269.431,92.000
cordex,pr,2072,SON,320.207,91.000
cordex,pr,2073,DJF,425.154,90.000
cordex,pr,2073,JJA,154.066,92.000
cordex,pr,2073,MAM,262.954,92.000
cordex,pr,2073,SON,235.438,91.000
cordex,pr,2074,DJF,327.131,90.000
cordex,pr,2074,JJA,152.816,92.000
cordex,pr,2074,MAM,391.687,92.000
cordex,pr,2074,SON,227.984,91.000
cordex,pr,2075,DJF,283.713,90.000
cordex,pr,2075,JJA,131.758,92.000
cordex,pr,2075,MAM,116.895,92.000
cordex,pr,2075,SON,334.786,91.000
cordex,pr,2076,DJF,141.645,91.000
cordex,pr,2076,JJA,100.954,92.000
cordex,pr,2076,MAM,303.687,92.000
cordex,pr,2076,SON,246.690,91.000
cordex,pr,2077,DJF,180.492,90.000
cordex,pr,2077,JJA,171.534,92.000
cordex,pr,2077,MAM,283.879,92.000
cordex,pr,2077,SON,251.909,91.000
cordex,pr,2078,DJF,179.339,90.000
cordex,pr,2078,JJA,185.762,92.000
cordex,pr,2078,MAM,239.451,92.000
cordex,pr,2078,SON,284.959,91.000
cordex,pr,2079,DJF,334.502,90.000
cordex,pr,2079,JJA,197.317,92.000
cordex,pr,2079,MAM,248.697,92.000
cordex,pr,2079,SON,189.246,91.000
cordex,pr,2080,DJF,382.377,91.000
cordex,pr,2080,JJA,309.548,92.000
cordex,pr,2080,MAM,205.419,92.000
cordex,pr,2080,SON,180.751,91.000
cordex,pr,2081,DJF,359.956,90.000
cordex,pr,2081,JJA,213.534,92.000
cordex,pr,2081,MAM,273.183,92.000
cordex,pr,2081,SON,152.943,91.000
cordex,pr,2082,DJF,329.556,90.000
cordex,pr,2082,JJA,177.805,92.000
cordex,pr,2082,MAM,352.628,92.000
cordex,pr,2082,SON,256.262,91.000
cordex,pr,2083,DJF,226.259,90.000
cordex,pr,2083,JJA,170.787,92.000
cordex,pr,2083,MAM,274.839,92.000
cordex,pr,2083,SON,260.646,91.000
cordex,pr,2084,DJF,203.507,91.000
cordex,pr,2084,JJA,162.828,92.000
cordex,pr,2084,MAM,391.667,92.000
cordex,pr,2084,SON,259.914,91.000
cordex,pr,2085,DJF,327.685,90.000
cordex,pr,2085,JJA,86.067,92.000
cordex,pr,2085,MAM,328.537,92.000
cordex,pr,2085,SON,193.141,91.000
cordex,pr,2086,DJF,278.156,90.000
cordex,pr,2086,JJA,152.886,92.000
cordex,pr,2086,MAM,248.845,92.000
cordex,pr,2086,SON,196.028,91.000
cordex,pr,2087,DJF,171.076,90.000
cordex,pr,2087,JJA,150.256,92.000
cordex,pr,2087,MAM,237.990,92.000
cordex,pr,2087,SON,244.034,91.000
cordex,pr,2088,DJF,268.565,91.000
cordex,pr,2088,JJA,215.045,92.000
cordex,pr,2088,MAM,240.493,92.000
cordex,pr,2088,SON,274.499,91.000
cordex,pr,2089,DJF,205.892,90.000
cordex,pr,2089,JJA,156.093,92.000
cordex,pr,2089,MAM,240.767,92.000
cordex,pr,2089,SON,310.764,91.000
cordex,pr,2090,DJF,249.466,90.000
cordex,pr,2090,JJA,298.020,92.000
cordex,pr,2090,MAM,331.269,92.000
cordex,pr,2090,SON,345.752,91.000
cordex,pr,2091,DJF,234.386,90.000
cordex,pr,2091,JJA,160.501,92.000
cordex,pr,2091,MAM,221.042,92.000
cordex,pr,2091,SON,345.644,91.000
cordex,pr,2092,DJF,244.217,91.000
cordex,pr,2092,JJA,168.088,92.000
cordex,pr,2092,MAM,257.778,92.000
cordex,pr,2092,SON,122.378,91.000
cordex,pr,2093,DJF,308.457,90.000
cordex,pr,2093,JJA,130.578,92.000
cordex,pr,2093,MAM,286.372,92.000
cordex,pr,2093,SON,272.510,91.000
cordex,pr,2094,DJF,283.827,90.000
cordex,pr,2094,JJA,172.803,92.000
cordex,pr,2094,MAM,214.813,92.000
cordex,pr,2094,SON,236.865,91.000
cordex,pr,2095,DJF,234.723,90.000
cordex,pr,2095,JJA,100.011,92.000
cordex,pr,2095,MAM,214.116,92.000
cordex,pr,2095,SON,240.378,91.000
cordex,pr,2096,DJF,160.127,91.000
cordex,pr,2096,JJA,153.989,92.000
cordex,pr,2096,MAM,215.535,92.000
cordex,pr,2096,SON,299.356,91.000
cordex,pr,2097,DJF,237.209,90.000
cordex,pr,2097,JJA,195.594,92.000
cordex,pr,2097,MAM,254.433,92.000
cordex,pr,2097,SON,205.138,91.000
cordex,pr,2098,DJF,281.226,90.000
cordex,pr,2098,JJA,204.163,92.000
cordex,pr,2098,MAM,212.746,92.000
cordex,pr,2098,SON,182.337,91.000
cordex,pr,2099,DJF,321.705,90.000
cordex,pr,2099,JJA,162.348,92.000
cordex,pr,2099,MAM,233.426,92.000
cordex,pr,2099,SON,262.849,91.000
cordex,pr,2100,DJF,311.644,90.000
cordex,pr,2100,JJA,187.701,92.000
cordex,pr,2100,MAM,276.069,92.000
cordex,pr,2100,SON,204.939,91.000
cordex,pr,2101,DJF,101.205,31.000
cordex,pr,1970,AN,988.918,365.000
cordex,pr,1971,AN,881.773,365.000
cordex,pr,1972,AN,922.039,366.000
cordex,pr,1973,AN,937.898,365.000
cordex,pr,1974,AN,1143.505,365.000
cordex,pr,1975,AN,973.475,365.000
cordex,pr,1976,AN,946.910,366.000
cordex,pr,1977,AN,1095.470,365.000
cordex,pr,1978,AN,775.872,365.000
cordex,pr,1979,AN,898.423,365.000
cordex,pr,1980,AN,954.793,366.000
cordex,pr,1981,AN,1016.301,365.000
cordex,pr,1982,AN,1024.679,365.000
cordex,pr,1983,AN,858.172,365.000
cordex,pr,1984,AN,799.072,366.000
cordex,pr,1985,AN,963.547,365.000
cordex,pr,1986,AN,978.144,365.000
cordex,pr,1987,AN,715.525,365.000
cordex,pr,1988,AN,898.572,366.000
cordex,pr,1989,AN,804.116,365.000
cordex,pr,1990,AN,1023.921,365.000
cordex,pr,1991,AN,873.054,365.000
cordex,pr,1992,AN,1072.376,366.000
cordex,pr,1993,AN,1111.949,365.000
cordex,pr,1994,AN,848.660,365.000
cordex,pr,1995,AN,933.114,365.000
cordex,pr,1996,AN,833.616,366.000
cordex,pr,1997,AN,841.404,365.000
cordex,pr,1998,AN,867.082,365.000
cordex,pr,1999,AN,901.930,365.000
cordex,pr,2000,AN,989.806,366.000
cordex,pr,2001,AN,1109.674,365.000
cordex,pr,2002,AN,1045.710,365.000
cordex,pr,2003,AN,862.868,365.000
cordex,pr,2004,AN,920.119,366.000
cordex,pr,2005,AN,920.833,365.000
cordex,pr,2006,AN,961.784,365.000
cordex,pr,2007,AN,1054.572,365.000
cordex,pr,2008,AN,897.097,366.000
cordex,pr,2009,AN,918.691,365.000
cordex,pr,2010,AN,943.016,365.000
cordex,pr,2011,AN,821.059,365.000
cordex,pr,2012,AN,1088.920,366.000
cordex,pr,2013,AN,997.748,365.000
cordex,pr,2014,AN,1001.009,365.000
cordex,pr,2015,AN,669.619,365.000
cordex,pr,2016,AN,915.317,366.000
cordex,pr,2017,AN,735.366,365.000
cordex,pr,2018,AN,846.731,365.000
cordex,pr,2019,AN,938.857,365.000
cordex,pr,2020,AN,1020.513,366.000
cordex,pr,2021,AN,795.979,365.000
cordex,pr,2022,AN,940.509,365.000
cordex,pr,2023,AN,1081.670,365.000
cordex,pr,2024,AN,952.734,366.000
cordex,pr,2025,AN,1104.552,365.000
cordex,pr,2026,AN,979.852,365.000
cordex,pr,2027,AN,847.734,365.000
cordex,pr,2028,AN,1023.988,366.000
cordex,pr,2029,AN,972.172,365.000
cordex,pr,2030,AN,932.622,365.000
cordex,pr,2031,AN,774.428,365.000
cordex,pr,2032,AN,1082.012,366.000
cordex,pr,2033,AN,913.614,365.000
cordex,pr,2034,AN,1108.446,365.000
cordex,pr,2035,AN,984.638,365.000
cordex,pr,2036,AN,951.118,366.000
cordex,pr,2037,AN,877.214,365.000
cordex,pr,2038,AN,762.405,365.000
cordex,pr,2039,AN,902.009,365.000
cordex,pr,2040,AN,1052.471,366.000
cordex,pr,2041,AN,840.603,365.000
cordex,pr,2042,AN,785.917,365.000
cordex,pr,2043,AN,937.108,365.000
cordex,pr,2044,AN,876.684,366.000
cordex,pr,2045,AN,1004.797,365.000
cordex,pr,2046,AN,766.116,365.000
cordex,pr,2047,AN,944.811,365.000
cordex,pr,2048,AN,848.045,366.000
cordex,pr,2049,AN,1048.831,365.000
cordex,pr,2050,AN,734.094,365.000
cordex,pr,2051,AN,803.349,365.000
cordex,pr,2052,AN,776.659,366.000
cordex,pr,2053,AN,669.495,365.000
cordex,pr,2054,AN,967.992,365.000
cordex,pr,2055,AN,812.295,365.000
cordex,pr,2056,AN,1026.305,366.000
cordex,pr,2057,AN,880.861,365.000
cordex,pr,2058,AN,940.743,365.000
cordex,pr,2059,AN,1074.372,365.000
cordex,pr,2060,AN,1005.595,366.000
cordex,pr,2061,AN,1103.821,365.000
cordex,pr,2062,AN,1027.888,365.000
cordex,pr,2063,AN,801.667,365.000
cordex,pr,2064,AN,892.553,366.000
cordex,pr,2065,AN,1076.391,365.000
cordex,pr,2066,AN,1063.120,365.000
cordex,pr,2067,AN,1135.295,365.000
cordex,pr,2068,AN,988.656,366.000
cordex,pr,2069,AN,856.565,365.000
cordex,pr,2070,AN,1033.973,365.000
cordex,pr,2071,AN,862.364,365.000
cordex,pr,2072,AN,1121.206,366.000
cordex,pr,2073,AN,1028.606,365.000
cordex,pr,2074,AN,1120.986,365.000
cordex,pr,2075,AN,796.310,365.000
cordex,pr,2076,AN,754.493,366.000
cordex,pr,2077,AN,933.358,365.000
cordex,pr,2078,AN,953.592,365.000
cordex,pr,2079,AN,923.282,365.000
cordex,pr,2080,AN,1131.378,366.000
cordex,pr,2081,AN,1004.200,365.000
cordex,pr,2082,AN,1035.786,365.000
cordex,pr,2083,AN,931.136,365.000
cordex,pr,2084,AN,1099.930,366.000
cordex,pr,2085,AN,857.207,365.000
cordex,pr,2086,AN,855.325,365.000
cordex,pr,2087,AN,804.331,365.000
cordex,pr,2088,AN,1030.600,366.000
cordex,pr,2089,AN,938.949,365.000
cordex,pr,2090,AN,1203.398,365.000
cordex,pr,2091,AN,978.388,365.000
cordex,pr,2092,AN,828.874,366.000
cordex,pr,2093,AN,928.738,365.000
cordex,pr,2094,AN,934.890,365.000
cordex,pr,2095,AN,755.802,365.000
cordex,pr,2096,AN,833.329,366.000
cordex,pr,2097,AN,920.682,365.000
cordex,pr,2098,AN,906.659,365.000
cordex,pr,2099,AN,956.030,365.000
cordex,pr,2100,AN,983.851,365.000
